chr10	100005234	100005491	0.126	NC_000010.11:100005302:A:C
chr10	100005234	100005491	0.129	NC_000010.11:100005339:A:C
chr10	100005234	100005491	-0.136	NC_000010.11:100005425:A:T
chr10	100007891	100008108	0.146	NC_000010.11:100007963:G:A
chr10	100007891	100008108	0.101	NC_000010.11:100007964:A:C
chr10	100007891	100008108	0.114	NC_000010.11:100007965:T:C
chr10	100008250	100008544	0.166	NC_000010.11:100008342:T:G
chr10	100008250	100008544	0.152	NC_000010.11:100008343:C:A
chr10	100008250	100008544	-0.158	NC_000010.11:100008343:C:T
chr10	100008250	100008544	-0.159	NC_000010.11:100008344:T:A
