chrom	chromStart	chromEnd	name	EffectSize	strandPerturbationTarget	PerturbationTargetID	chrTSS	startTSS	endTSS	strandGene	EffectSize95ConfidenceIntervalLow	EffectSize95ConfidenceIntervalHigh	measuredGeneSymbol	measuredEnsemblID	guideSpacerSeq	guideSeq	Significant	pValue	pValueAdjusted	PowerAtEffectSize25	PowerAtEffectSize10	PowerAtEffectSize15	PowerAtEffectSize20	PowerAtEffectSize50	ValidConnection	Notes	Reference
chr1	3774714	3775214	CEP104|chr1:3691278-3691778:.	-0.293431866	.	chr1:3691278-3691778:.	chr1	3857213	3857214	-	NA	NA	CEP104	NA	NA	NA	TRUE	NA	0.004023984	0.825093632	NA	NA	NA	NA	TRUE	Dataset: Nasser2021	Ulirsch et al., 2016
chr1	3774714	3775214	LRRC47|chr1:3691278-3691778:.	-0.331178093	.	chr1:3691278-3691778:.	chr1	3796503	3796504	-	NA	NA	LRRC47	NA	NA	NA	TRUE	NA	0.007771168	0.608994236	NA	NA	NA	NA	TRUE	Dataset: Nasser2021	Ulirsch et al., 2016
chr1	3774714	3775214	SMIM1|chr1:3691278-3691778:.	-0.472019217	.	chr1:3691278-3691778:.	chr1	3772761	3772762	+	NA	NA	SMIM1	NA	NA	NA	TRUE	NA	6.41649e-4	0.639332272	NA	NA	NA	NA	TRUE	Dataset: Nasser2021	Ulirsch et al., 2016
chr1	3803570	3805848	LRRC47|chr1:3720134-3722412:.	-0.00147126515217055	.	chr1:3720134-3722412:.	chr1	3796503	3796504	-	-0.02555958121396873	0.02321251776373834	LRRC47	ENSG00000130764	NA	AGCATCCCCTGTAACTCTCG;TTAAAAAGTTCACTGAGACG;GCCTGCTGAGTAAGATCAGC;TGAGTAAGATCAGCAGGCTG	FALSE	0.681865151982121	0.9999184308772658	1	0.4	0.8	0.85	1	TRUE	Dataset: Gasperini2019	Gasperini et al., 2019
chr1	3803570	3805848	SMIM1|chr1:3720134-3722412:.	0.02567692399390253	.	chr1:3720134-3722412:.	chr1	3772788	3772789	+	-0.01294060768565741	0.06580532094117975	SMIM1	ENSG00000235169	NA	AGCATCCCCTGTAACTCTCG;TTAAAAAGTTCACTGAGACG;GCCTGCTGAGTAAGATCAGC;TGAGTAAGATCAGCAGGCTG	FALSE	0.31995956318497426	0.9941596811394542	1	0.8	0.85	1	1	TRUE	Dataset: Gasperini2019	Gasperini et al., 2019
chr1	4126791	4127291	SMIM1|chr1:4186851-4187351:.	0.02338378715953637	.	chr1:4186851-4187351:.	chr1	3772788	3772789	+	-0.02840275943946668	0.07793057874143305	SMIM1	ENSG00000235169	NA	TCACAGTACACACACATGAC;ATAGCTGGAAGAGCTGCCAC	FALSE	0.3058097909962969	0.9921971323687782	0.95	0.55	0.8	0.9	1	TRUE	Dataset: Gasperini2019	Gasperini et al., 2019
chr1	5304578	5305078	RPL22|chr1:5364638-5365138:.	0.02672188376700024	.	chr1:5364638-5365138:.	chr1	6209388	6209389	-	-0.03474214248212781	0.09209971034764595	RPL22	ENSG00000116251	NA	TGGTGAGTGTTGATAACATG;TATGTTGGAAGAGATTACAA	FALSE	0.2969902920155131	0.9900788705853496	0.9	0.65	0.8	0.9	1	TRUE	Dataset: Gasperini2019	Gasperini et al., 2019
chr1	8197448	8198244	PARK7|chr1:8257508-8258304:.	-0.01987717740799877	.	chr1:8257508-8258304:.	chr1	7954291	7954292	+	-0.06030872290901534	0.02229399249036401	PARK7	ENSG00000116288	NA	GGCCCGCCAGGAAAGCTGCA;TCCACGAAAAGTGATCCCCA	FALSE	0.21217428672232055	0.9559057531515024	1	0.6	0.8	0.95	1	TRUE	Dataset: Gasperini2019	Gasperini et al., 2019
chr1	8858063	8858563	ENO1|chr1:8918122-8918622:.	-0.10740945598182072	.	chr1:8918122-8918622:.	chr1	8879248	8879249	-	-0.15574004570003752	-0.05631212849449163	ENO1	ENSG00000074800	NA	CATTGACCCTGGAGACACAG;CCAGCAGCTTCCTTTCAGGG	TRUE	2.1447866124464223e-5	0.00439608004642621	0.85	0.25	0.45	0.8	1	TRUE	Dataset: Gasperini2019	Gasperini et al., 2019
chr1	8899850	8900350	PARK7|chr1:8959909-8960409:.	-0.0418823955064419	.	chr1:8959909-8960409:.	chr1	7954291	7954292	+	-0.08763885806074245	0.00616883144458979	PARK7	ENSG00000116288	NA	GTGGGTGATTTCCAGAATGA;GTAAACTTCTGGGCCAGGCA	FALSE	0.21973028657747024	0.9596329673011406	1	0.6	0.85	0.95	1	TRUE	Dataset: Gasperini2019	Gasperini et al., 2019
chr1	9145155	9145655	ENO1|chr1:9205214-9205714:.	-0.07397698687728282	.	chr1:9205214-9205714:.	chr1	8879248	8879249	-	-0.11824542450087316	-0.0274860548951864	ENO1	ENSG00000074800	NA	CTGCCCAGCGGCCTTCCACA;GAGGAGCTGTCTCTGCCCAG	FALSE	0.00875817321829667	0.4083833457004385	1	0.9	0.95	1	1	TRUE	Dataset: Gasperini2019	Gasperini et al., 2019
chr1	10387486	10388537	DFFA|chr1:10447543-10448594:.	-0.01575574988486916	.	chr1:10447543-10448594:.	chr1	10472525	10472526	-	-0.06001201382288201	0.03058417568132765	DFFA	ENSG00000160049	NA	GGATGAACAGAATCAAGCCA;CTTGATTCTGTTCATCCCCA	FALSE	0.6768254059318424	0.9999184308772658	1	0.6	0.85	0.95	1	TRUE	Dataset: Gasperini2019	Gasperini et al., 2019
chr1	11881944	11882444	MAD2L2|chr1:11942001-11942501:.	0.00758823901432004	.	chr1:11942001-11942501:.	chr1	11691649	11691650	-	-0.03600599514697167	0.053153914120827483	MAD2L2	ENSG00000116670	NA	GCTGAAGTCGAGGTGTGGCA;GCAGGAGGAGAGCTTCGAGA	FALSE	0.6414734045998676	0.9999184308772658	1	0.45	0.8	0.95	1	TRUE	Dataset: Gasperini2019	Gasperini et al., 2019
chr1	11882562	11883554	AGTRAP|chr1:11942619-11943611:.	-0.03583746039249114	.	chr1:11942619-11943611:.	chr1	11736084	11736085	+	-0.07096225247565502	6.153197322493753e-4	AGTRAP	ENSG00000177674	NA	GCTGACAGCCAGGAGCTAGG;GTTCCCTGAGGAAGTCACAT	FALSE	0.05662223023474427	0.7668500138511424	1	0.55	0.85	0.95	1	TRUE	Dataset: Gasperini2019	Gasperini et al., 2019
chr1	11882562	11883554	MAD2L2|chr1:11942619-11943611:.	-0.02075872493573605	.	chr1:11942619-11943611:.	chr1	11691649	11691650	-	-0.05819843160619997	0.01816933308453605	MAD2L2	ENSG00000116670	NA	GCTGACAGCCAGGAGCTAGG;GTTCCCTGAGGAAGTCACAT	FALSE	0.549920144921237	0.9999184308772658	1	0.85	0.95	1	1	TRUE	Dataset: Gasperini2019	Gasperini et al., 2019
chr1	11882562	11883554	TARDBP|chr1:11942619-11943611:.	-0.04241372031032553	.	chr1:11942619-11943611:.	chr1	11012344	11012345	+	-0.07728851951436255	-0.00622079334344571	TARDBP	ENSG00000120948	NA	GCTGACAGCCAGGAGCTAGG;GTTCCCTGAGGAAGTCACAT	FALSE	0.02913292493353115	0.6426105624723221	0.9	0.6	0.85	0.9	1	TRUE	Dataset: Gasperini2019	Gasperini et al., 2019
chr1	12014145	12015413	MAD2L2|chr1:12074202-12075470:.	-0.0022533093207312	.	chr1:12074202-12075470:.	chr1	11691649	11691650	-	-0.04773689212336407	0.04540273641515213	MAD2L2	ENSG00000116670	NA	ATAGGGACATTGTTACCAGA;GCCCTAATCTCAAAATCCAA	FALSE	0.6891712288183378	0.9999184308772658	1	0.75	0.85	1	1	TRUE	Dataset: Gasperini2019	Gasperini et al., 2019
chr1	12014145	12015413	SRM|chr1:12074202-12075470:.	-0.02151908445183892	.	chr1:12074202-12075470:.	chr1	11060023	11060024	-	-0.07521395831928379	0.0352934180882889	SRM	ENSG00000116649	NA	ATAGGGACATTGTTACCAGA;GCCCTAATCTCAAAATCCAA	FALSE	0.08575799819845792	0.8362808313647252	1	0.55	0.8	0.9	1	TRUE	Dataset: Gasperini2019	Gasperini et al., 2019
chr1	17441310	17441810	SDHB|chr1:17767806-17768306:.	-0.08967820588564512	.	chr1:17767806-17768306:.	chr1	17054169	17054170	-	-0.13075550886534126	-0.04665974039379639	SDHB	ENSG00000117118	NA	GCATCATCTGATCCTAGGTG;GTTTCAGGAGCACCACACCT	TRUE	6.437929032147895e-5	0.01211938120876172	0.95	0.5	0.85	0.9	1	TRUE	Dataset: Gasperini2019	Gasperini et al., 2019
chr1	17487740	17488240	RP4-798A10.7|chr1:17814236-17814736:.	0.03966370669313135	.	chr1:17814236-17814736:.	chr1	16514645	16514646	+	0.01653520498207927	0.06331843473532883	RP4-798A10.7	ENSG00000261135	NA	GGGACCACAGACTAGTTGGA;TTACATTTCTGACAACCAGC	TRUE	1.704658854939217e-4	0.02813624766785538	0.05	0.05	0.05	0.05	0.45	TRUE	Dataset: Gasperini2019	Gasperini et al., 2019
chr1	18534347	18534847	AKR7A2|chr1:18860841-18861341:.	0.01060420638892378	.	chr1:18860841-18861341:.	chr1	19312145	19312146	-	-0.034979804502273	0.05834143858950158	AKR7A2	ENSG00000053371	NA	CCAAAGCTAAGGAAGAAAGT;TGATATGCATGGGAAATTGG	FALSE	0.40115086825249857	0.9999184308772658	1	0.7	0.95	0.95	1	TRUE	Dataset: Gasperini2019	Gasperini et al., 2019
chr1	18534347	18534847	CAPZB|chr1:18860841-18861341:.	0.03532848688004386	.	chr1:18860841-18861341:.	chr1	19485538	19485539	-	-0.01553406953950542	0.08881886368980374	CAPZB	ENSG00000077549	NA	CCAAAGCTAAGGAAGAAAGT;TGATATGCATGGGAAATTGG	FALSE	0.4031785209786912	0.9999184308772658	1	0.7	0.9	0.9	1	TRUE	Dataset: Gasperini2019	Gasperini et al., 2019
chr1	19487638	19488138	MRTO4|chr1:19814132-19814632:.	-0.09424237274727788	.	chr1:19814132-19814632:.	chr1	19251539	19251540	+	-0.13988024510845998	-0.04618295922068194	MRTO4	ENSG00000053372	NA	GCAATGACAAGATTTGACCT;TGAGGCTGCTGTGTTCTGAA	FALSE	6.204985981351862e-4	0.08042321739118431	1	0.75	0.85	1	1	TRUE	Dataset: Gasperini2019	Gasperini et al., 2019
chr1	19869923	19870423	CAPZB|chr1:20196416-20196916:.	-0.03526266402599398	.	chr1:20196416-20196916:.	chr1	19485538	19485539	-	-0.07274771564409233	0.00373775629867756	CAPZB	ENSG00000077549	NA	GCATCTGATCCAGAACTGGA;CTAAGACAGAGTCTCCACCG	FALSE	0.1757867389908335	0.939182273030986	1	0.8	1	1	1	TRUE	Dataset: Gasperini2019	Gasperini et al., 2019
chr1	20197442	20197942	AKR7A2|chr1:20523935-20524435:.	-0.0352949029341818	.	chr1:20523935-20524435:.	chr1	19312145	19312146	-	-0.07024965973439323	9.740077523436864e-4	AKR7A2	ENSG00000053371	NA	GCAGAGGATGAGGTCTGACA;GCCTTTGCCTAATCTCAACT	FALSE	0.1637360494665044	0.928842182615153	1	0.75	0.85	0.9	1	TRUE	Dataset: Gasperini2019	Gasperini et al., 2019
chr1	20197442	20197942	MRTO4|chr1:20523935-20524435:.	-0.0379569280957508	.	chr1:20523935-20524435:.	chr1	19251539	19251540	+	-0.07818897178890538	0.00403102574622149	MRTO4	ENSG00000053372	NA	GCAGAGGATGAGGTCTGACA;GCCTTTGCCTAATCTCAACT	FALSE	0.10355143366652256	0.8616761823171286	0.95	0.5	0.85	0.9	1	TRUE	Dataset: Gasperini2019	Gasperini et al., 2019
chr1	20216567	20217067	HP1BP3|chr1:20543060-20543560:.	0.03254076727779176	.	chr1:20543060-20543560:.	chr1	20787322	20787323	-	-0.01774973984969285	0.08540611221367023	HP1BP3	ENSG00000127483	NA	GGCTAAACAGAGACACCCAG;CAGGAGAGAGAACTTCTAAA	FALSE	0.2968847345257868	0.9900788705853496	0.9	0.6	0.8	0.85	1	TRUE	Dataset: Gasperini2019	Gasperini et al., 2019
chr1	20216567	20217067	MINOS1|chr1:20543060-20543560:.	-0.02126632381404769	.	chr1:20543060-20543560:.	chr1	19596977	19596978	+	-0.07170018027626068	0.03190756752009727	MINOS1	ENSG00000173436	NA	GGCTAAACAGAGACACCCAG;CAGGAGAGAGAACTTCTAAA	FALSE	0.4941780131177171	0.9999184308772658	0.95	0.75	0.85	0.9	1	TRUE	Dataset: Gasperini2019	Gasperini et al., 2019
chr1	20216567	20217067	MRTO4|chr1:20543060-20543560:.	-0.06684497563836966	.	chr1:20543060-20543560:.	chr1	19251539	19251540	+	-0.11500016911424082	-0.01606953007004585	MRTO4	ENSG00000053372	NA	GGCTAAACAGAGACACCCAG;CAGGAGAGAGAACTTCTAAA	FALSE	0.023824345654530472	0.6023737277178092	0.95	0.55	0.8	0.9	1	TRUE	Dataset: Gasperini2019	Gasperini et al., 2019
chr1	21673110	21673610	CDC42|chr1:21999603-22000103:.	0.02497619714766452	.	chr1:21999603-22000103:.	chr1	22052627	22052628	+	-0.02681104899410547	0.07951924817211053	CDC42	ENSG00000070831	NA	GCTTCCTCAAGGGAGTAGGT;GTTGTCAAACATGAACTCCG	FALSE	0.610044023911309	0.9999184308772658	1	0.65	0.8	0.9	1	TRUE	Dataset: Gasperini2019	Gasperini et al., 2019
chr1	21791423	21792482	CDC42|chr1:22117916-22118975:.	0.01463524032170404	.	chr1:22117916-22118975:.	chr1	22052627	22052628	+	-0.03852566673344193	0.07073546873067604	CDC42	ENSG00000070831	NA	TGTAAACTATCGTGGCGTGG;AAGACCTGCTGATAAAACAC	FALSE	0.38761482259512864	0.9999184308772658	0.95	0.55	0.8	0.9	1	TRUE	Dataset: Gasperini2019	Gasperini et al., 2019
chr1	21963904	21964404	CDC42|chr1:22290397-22290897:.	0.00547924570325286	.	chr1:22290397-22290897:.	chr1	22052627	22052628	+	-0.04172889165136539	0.05501303830624127	CDC42	ENSG00000070831	NA	GCAACTTCCTAGAAAACACC;ACTTCCTAGAAAACACCTGG	FALSE	0.8978621950401238	0.9999184308772658	1	0.75	0.95	1	1	TRUE	Dataset: Gasperini2019	Gasperini et al., 2019
chr1	21963904	21964404	USP48|chr1:22290397-22290897:.	-0.04152259064365937	.	chr1:22290397-22290897:.	chr1	21783605	21783606	-	-0.07743179151294022	-0.00421569289385725	USP48	ENSG00000090686	NA	GCAACTTCCTAGAAAACACC;ACTTCCTAGAAAACACCTGG	FALSE	0.02989774938136721	0.6476622622629843	0.95	0.55	0.85	0.95	1	TRUE	Dataset: Gasperini2019	Gasperini et al., 2019
chr1	23539621	23540248	GALE|chr1:23866113-23866739:.	-0.02513880624860676	.	chr1:23866113-23866739:.	chr1	23800803	23800804	-	-0.06596974438473258	0.01747704784613302	GALE	ENSG00000117308	NA	TAGTAGCCCTGTCCTCAGCG;GCTGGGACCTGACTCCCGCA	FALSE	0.1971856273020001	0.9494015413858188	1	0.65	0.85	0.9	1	TRUE	Dataset: Gasperini2019	Gasperini et al., 2019
chr1	23539621	23540248	RPL11|chr1:23866113-23866739:.	0.04208814472608724	.	chr1:23866113-23866739:.	chr1	23691779	23691780	+	-7.291471426755791e-4	0.08674009481362299	RPL11	ENSG00000142676	NA	TAGTAGCCCTGTCCTCAGCG;GCTGGGACCTGACTCCCGCA	FALSE	0.1568011278797274	0.9226679140022886	1	0.75	0.85	0.95	1	TRUE	Dataset: Gasperini2019	Gasperini et al., 2019
chr1	23554642	23555320	RPL11|chr1:23881133-23881811:.	0.05380798242747287	.	chr1:23881133-23881811:.	chr1	23691779	23691780	+	-0.00821698463087783	0.1197119194610834	RPL11	ENSG00000142676	NA	CAGCGCTGCGGGAAAGAGCG	FALSE	0.23878952043638008	0.9688473786016872	0.9	0.75	0.85	0.85	1	TRUE	Dataset: Gasperini2019	Gasperini et al., 2019
chr1	23562302	23562802	RPL11|chr1:23888792-23889292:.	0.02124736083174983	.	chr1:23888792-23889292:.	chr1	23691779	23691780	+	-0.02606077975274823	0.07085344785791037	RPL11	ENSG00000142676	NA	CCTCCCCCACCAATGAGCGC;ATATAGATAAAGGAAGAAGG	FALSE	0.6858347739018582	0.9999184308772658	1	0.75	0.8	0.95	1	TRUE	Dataset: Gasperini2019	Gasperini et al., 2019
chr1	23716065	23716565	HNRNPR|chr1:24042555-24043055:.	-0.08791754893113657	.	chr1:24042555-24043055:.	chr1	23344335	23344336	-	-0.13209364411547897	-0.04149290772278546	HNRNPR	ENSG00000125944	NA	CTATCAGCTGAGCACACACA;CACTGTGAATCAGAAGGATC	FALSE	7.686146385994026e-4	0.09352724842032552	0.95	0.75	0.85	0.9	1	TRUE	Dataset: Gasperini2019	Gasperini et al., 2019
chr1	23716065	23716565	RPL11|chr1:24042555-24043055:.	0.03607360175993723	.	chr1:24042555-24043055:.	chr1	23691779	23691780	+	-0.01268769219563659	0.08724311423910014	RPL11	ENSG00000142676	NA	CTATCAGCTGAGCACACACA;CACTGTGAATCAGAAGGATC	FALSE	0.3544694979619151	0.9982335836670636	0.95	0.7	0.85	0.95	1	TRUE	Dataset: Gasperini2019	Gasperini et al., 2019
chr1	23920093	23921311	ELOA|chr1:24246583-24247801:.	-0.01782455186516329	.	chr1:24246583-24247801:.	chr1	23743155	23743156	+	-0.04765196787856274	0.01293705492306718	ELOA	ENSG00000011007	NA	GATCTGAGCCTACCAGGCTG;TTGTCTCGACTCTCACCATA;AGAACTTTATCAGATATCCA;GTAATGTTAAAATTTATAGG	FALSE	0.358038181900696	0.9985114898322384	1	0.85	0.9	0.95	1	TRUE	Dataset: Gasperini2019	Gasperini et al., 2019
chr1	23920093	23921311	GALE|chr1:24246583-24247801:.	-0.04315693948913945	.	chr1:24246583-24247801:.	chr1	23800803	23800804	-	-0.07596683427437823	-0.0091820549224213	GALE	ENSG00000117308	NA	GATCTGAGCCTACCAGGCTG;TTGTCTCGACTCTCACCATA;AGAACTTTATCAGATATCCA;GTAATGTTAAAATTTATAGG	FALSE	0.03371407277418827	0.669937837963989	1	0.55	0.8	1	1	TRUE	Dataset: Gasperini2019	Gasperini et al., 2019
chr1	23920093	23921311	HNRNPR|chr1:24246583-24247801:.	-0.02658888965019068	.	chr1:24246583-24247801:.	chr1	23344335	23344336	-	-0.05975646458300132	0.00774868856951926	HNRNPR	ENSG00000125944	NA	GATCTGAGCCTACCAGGCTG;TTGTCTCGACTCTCACCATA;AGAACTTTATCAGATATCCA;GTAATGTTAAAATTTATAGG	FALSE	0.3022407461577802	0.9915983125254192	1	0.6	0.9	0.95	1	TRUE	Dataset: Gasperini2019	Gasperini et al., 2019
chr1	23920093	23921311	PITHD1|chr1:24246583-24247801:.	-0.02752204772894051	.	chr1:24246583-24247801:.	chr1	23778405	23778406	+	-0.06114899071444701	0.00730931564208692	PITHD1	ENSG00000057757	NA	GATCTGAGCCTACCAGGCTG;TTGTCTCGACTCTCACCATA;AGAACTTTATCAGATATCCA;GTAATGTTAAAATTTATAGG	FALSE	0.1368571748684164	0.9023430817515036	1	0.55	0.8	1	1	TRUE	Dataset: Gasperini2019	Gasperini et al., 2019
chr1	23920093	23921311	RPL11|chr1:24246583-24247801:.	0.0214868122723788	.	chr1:24246583-24247801:.	chr1	23691779	23691780	+	-0.01216153786812346	0.05628131283178073	RPL11	ENSG00000142676	NA	GATCTGAGCCTACCAGGCTG;TTGTCTCGACTCTCACCATA;AGAACTTTATCAGATATCCA;GTAATGTTAAAATTTATAGG	FALSE	0.46151252414829896	0.9999184308772658	1	0.9	1	1	1	TRUE	Dataset: Gasperini2019	Gasperini et al., 2019
chr1	23920093	23921311	SRRM1|chr1:24246583-24247801:.	-0.03270890694139328	.	chr1:24246583-24247801:.	chr1	24631716	24631717	+	-0.0662022284474092	0.0019857481077945	SRRM1	ENSG00000133226	NA	GATCTGAGCCTACCAGGCTG;TTGTCTCGACTCTCACCATA;AGAACTTTATCAGATATCCA;GTAATGTTAAAATTTATAGG	FALSE	0.10445371542772108	0.862753268936034	1	0.9	0.95	1	1	TRUE	Dataset: Gasperini2019	Gasperini et al., 2019
chr1	24742119	24742619	TMEM50A|chr1:25068610-25069110:.	-0.02656873405235371	.	chr1:25068610-25069110:.	chr1	25337917	25337918	+	-0.07908582288864208	0.02894325342746495	TMEM50A	ENSG00000183726	NA	ATATCCAAGGACTAGAAAGG;AGCTGGGGTGGAGAGCACAG	FALSE	0.6230024373179066	0.9999184308772658	1	0.6	0.8	1	1	TRUE	Dataset: Gasperini2019	Gasperini et al., 2019
chr1	25933351	25933954	ARID1A|chr1:26259842-26260445:.	0.0225053565920843	.	chr1:26259842-26260445:.	chr1	26693236	26693237	+	-0.00891966481437678	0.05492679769868158	ARID1A	ENSG00000117713	NA	ATTTCTTATCACGTGCACAG;ATAATGCTGACCTTTCTCAT;CTATAATAAGAGTCAAAGAA;AAGGGGAGACTGAAGTCCAG	FALSE	0.37210269445986693	0.9999184308772658	0.95	0.45	0.85	1	1	TRUE	Dataset: Gasperini2019	Gasperini et al., 2019
chr1	25933351	25933954	HMGN2|chr1:26259842-26260445:.	-0.03001057960001385	.	chr1:26259842-26260445:.	chr1	26472450	26472451	+	-0.07217972480370505	0.01407514024075751	HMGN2	ENSG00000198830	NA	ATTTCTTATCACGTGCACAG;ATAATGCTGACCTTTCTCAT;CTATAATAAGAGTCAAAGAA;AAGGGGAGACTGAAGTCCAG	FALSE	0.3397342663391695	0.9958712462034666	1	0.8	0.95	1	1	TRUE	Dataset: Gasperini2019	Gasperini et al., 2019
chr1	25933351	25933954	MTFR1L|chr1:26259842-26260445:.	-0.00648484988737652	.	chr1:26259842-26260445:.	chr1	25818640	25818641	+	-0.03664839891617733	0.02462315149816429	MTFR1L	ENSG00000117640	NA	ATTTCTTATCACGTGCACAG;ATAATGCTGACCTTTCTCAT;CTATAATAAGAGTCAAAGAA;AAGGGGAGACTGAAGTCCAG	FALSE	0.9162174707188612	0.9999184308772658	1	0.7	0.9	0.95	1	TRUE	Dataset: Gasperini2019	Gasperini et al., 2019
chr1	25933351	25933954	NUDC|chr1:26259842-26260445:.	-0.0846214098812692	.	chr1:26259842-26260445:.	chr1	26900238	26900239	+	-0.12333662466898088	-0.04419645347752099	NUDC	ENSG00000090273	NA	ATTTCTTATCACGTGCACAG;ATAATGCTGACCTTTCTCAT;CTATAATAAGAGTCAAAGAA;AAGGGGAGACTGAAGTCCAG	TRUE	1.6941865141529265e-4	0.0279941931333628	1	0.55	1	1	1	TRUE	Dataset: Gasperini2019	Gasperini et al., 2019
chr1	25933351	25933954	SH3BGRL3|chr1:26259842-26260445:.	0.02019723546527196	.	chr1:26259842-26260445:.	chr1	26279176	26279177	+	-0.03085686455877512	0.07394084649542942	SH3BGRL3	ENSG00000142669	NA	ATTTCTTATCACGTGCACAG;ATAATGCTGACCTTTCTCAT;CTATAATAAGAGTCAAAGAA;AAGGGGAGACTGAAGTCCAG	FALSE	0.7483156480991753	0.9999184308772658	1	0.65	0.85	0.95	1	TRUE	Dataset: Gasperini2019	Gasperini et al., 2019
chr1	25933351	25933954	STMN1|chr1:26259842-26260445:.	-0.122234975903461	.	chr1:26259842-26260445:.	chr1	25906990	25906991	-	-0.1614985213400646	-0.08113288153225573	STMN1	ENSG00000117632	NA	ATTTCTTATCACGTGCACAG;ATAATGCTGACCTTTCTCAT;CTATAATAAGAGTCAAAGAA;AAGGGGAGACTGAAGTCCAG	TRUE	1.6824092745989658e-8	4.58113022712261e-6	1	0.5	0.85	1	1	TRUE	Dataset: Gasperini2019	Gasperini et al., 2019
chr1	25933351	25933954	TMEM50A|chr1:26259842-26260445:.	0.00474298833762265	.	chr1:26259842-26260445:.	chr1	25337917	25337918	+	-0.03349928845279659	0.04449842669806703	TMEM50A	ENSG00000183726	NA	ATTTCTTATCACGTGCACAG;ATAATGCTGACCTTTCTCAT;CTATAATAAGAGTCAAAGAA;AAGGGGAGACTGAAGTCCAG	FALSE	0.7411899170682024	0.9999184308772658	0.95	0.8	0.8	0.85	1	TRUE	Dataset: Gasperini2019	Gasperini et al., 2019
chr1	25933351	25933954	ZNF593|chr1:26259842-26260445:.	-0.05338500850259942	.	chr1:26259842-26260445:.	chr1	26169871	26169872	+	-0.09077714168661088	-0.01445510972980335	ZNF593	ENSG00000142684	NA	ATTTCTTATCACGTGCACAG;ATAATGCTGACCTTTCTCAT;CTATAATAAGAGTCAAAGAA;AAGGGGAGACTGAAGTCCAG	FALSE	0.02390614245342396	0.6037296891094873	1	0.7	0.9	1	1	TRUE	Dataset: Gasperini2019	Gasperini et al., 2019
chr1	26104576	26105524	HMGN2|chr1:26431067-26432015:.	0.00336793075681285	.	chr1:26431067-26432015:.	chr1	26472450	26472451	+	-0.05043463753700983	0.06021896361078238	HMGN2	ENSG00000198830	NA	TATCTGAAGAGAGGTCACAT;TAATGGAACCTGCCACCAGG	FALSE	0.5652036505594116	0.9999184308772658	0.95	0.7	0.8	0.9	1	TRUE	Dataset: Gasperini2019	Gasperini et al., 2019
chr1	26104576	26105524	NUDC|chr1:26431067-26432015:.	0.00559269996748845	.	chr1:26431067-26432015:.	chr1	26900238	26900239	+	-0.04637517762364174	0.06039257211030913	NUDC	ENSG00000090273	NA	TATCTGAAGAGAGGTCACAT;TAATGGAACCTGCCACCAGG	FALSE	0.974515218877942	0.9999184308772658	0.95	0.55	0.85	0.95	1	TRUE	Dataset: Gasperini2019	Gasperini et al., 2019
chr1	26104576	26105524	STMN1|chr1:26431067-26432015:.	0.00649301444609307	.	chr1:26431067-26432015:.	chr1	25906990	25906991	-	-0.04791473174706151	0.0640099389287625	STMN1	ENSG00000117632	NA	TATCTGAAGAGAGGTCACAT;TAATGGAACCTGCCACCAGG	FALSE	0.7567972952045159	0.9999184308772658	1	0.5	0.8	0.95	1	TRUE	Dataset: Gasperini2019	Gasperini et al., 2019
chr1	26104576	26105524	ZNF593|chr1:26431067-26432015:.	0.00593097832913991	.	chr1:26431067-26432015:.	chr1	26169871	26169872	+	-0.04047921439562663	0.05458594367484903	ZNF593	ENSG00000142684	NA	TATCTGAAGAGAGGTCACAT;TAATGGAACCTGCCACCAGG	FALSE	0.3527477027834818	0.997981316500084	1	0.75	0.8	1	1	TRUE	Dataset: Gasperini2019	Gasperini et al., 2019
chr1	26138425	26139455	HMGN2|chr1:26464916-26465946:.	-0.02466684456606949	.	chr1:26464916-26465946:.	chr1	26472450	26472451	+	-0.0782355011038337	0.03201497261814756	HMGN2	ENSG00000198830	NA	GTGTTTGTAGGGCGTGAAGA;CTCAGACTAGAGGAAATAGG	FALSE	0.2773810350556023	0.9824334551726184	1	0.7	0.85	1	1	TRUE	Dataset: Gasperini2019	Gasperini et al., 2019
chr1	26138425	26139455	NUDC|chr1:26464916-26465946:.	-0.01228473454236434	.	chr1:26464916-26465946:.	chr1	26900238	26900239	+	-0.06420514665044963	0.04251636149321247	NUDC	ENSG00000090273	NA	GTGTTTGTAGGGCGTGAAGA;CTCAGACTAGAGGAAATAGG	FALSE	0.5785517559229959	0.9999184308772658	1	0.55	0.8	0.95	1	TRUE	Dataset: Gasperini2019	Gasperini et al., 2019
chr1	26138425	26139455	STMN1|chr1:26464916-26465946:.	-0.04888019155769196	.	chr1:26464916-26465946:.	chr1	25906990	25906991	-	-0.10216162252109108	0.00756317918987958	STMN1	ENSG00000117632	NA	GTGTTTGTAGGGCGTGAAGA;CTCAGACTAGAGGAAATAGG	FALSE	0.1993043005351052	0.9512155406392182	1	0.45	0.8	0.95	1	TRUE	Dataset: Gasperini2019	Gasperini et al., 2019
chr1	26138425	26139455	TMEM50A|chr1:26464916-26465946:.	-0.026970835315552	.	chr1:26464916-26465946:.	chr1	25337917	25337918	+	-0.07644669871860887	0.02515550971761948	TMEM50A	ENSG00000183726	NA	GTGTTTGTAGGGCGTGAAGA;CTCAGACTAGAGGAAATAGG	FALSE	0.5610454680405095	0.9999184308772658	0.95	0.5	0.8	0.85	1	TRUE	Dataset: Gasperini2019	Gasperini et al., 2019
chr1	26376717	26377217	HMGN2|chr1:26703208-26703708:.	-0.01149241355932206	.	chr1:26703208-26703708:.	chr1	26472450	26472451	+	-0.06079235373579217	0.04039532933688838	HMGN2	ENSG00000198830	NA	ATCCAGTGAGACAAAGCGTG;TCAGATGACCTGGCTGGGCG	FALSE	0.823037657389261	0.9999184308772658	0.95	0.65	0.8	0.85	1	TRUE	Dataset: Gasperini2019	Gasperini et al., 2019
chr1	26376717	26377217	STMN1|chr1:26703208-26703708:.	-0.02855156667081138	.	chr1:26703208-26703708:.	chr1	25906990	25906991	-	-0.07908692045861498	0.02475692829523468	STMN1	ENSG00000117632	NA	ATCCAGTGAGACAAAGCGTG;TCAGATGACCTGGCTGGGCG	FALSE	0.4036766205399513	0.9999184308772658	0.95	0.6	0.8	0.9	1	TRUE	Dataset: Gasperini2019	Gasperini et al., 2019
chr1	26376717	26377217	ZNF593|chr1:26703208-26703708:.	-0.02328358307511768	.	chr1:26703208-26703708:.	chr1	26169871	26169872	+	-0.06758429617698014	0.02312193496866799	ZNF593	ENSG00000142684	NA	ATCCAGTGAGACAAAGCGTG;TCAGATGACCTGGCTGGGCG	FALSE	0.30230382935535177	0.9916971882169124	1	0.6	0.9	0.95	1	TRUE	Dataset: Gasperini2019	Gasperini et al., 2019
chr1	26377523	26378866	HMGN2|chr1:26704014-26705357:.	-0.03732124825174632	.	chr1:26704014-26705357:.	chr1	26472450	26472451	+	-0.07973932220665036	0.00705202496513002	HMGN2	ENSG00000198830	NA	ATAGCCGGAATGTAATTCCA;GGAGGAGCAAAGTAGAACTG;GCACCAAGAAAGGGAGACAA;TTACCCACAGAAGGATTGGA	FALSE	0.21771812473837993	0.95882589341490565	1	0.65	0.95	0.95	1	TRUE	Dataset: Gasperini2019	Gasperini et al., 2019
chr1	26377523	26378866	LIN28A|chr1:26704014-26705357:.	-0.05171602145754017	.	chr1:26704014-26705357:.	chr1	26410778	26410779	+	-0.07229986099017727	-0.03067546705326629	LIN28A	ENSG00000131914	NA	ATAGCCGGAATGTAATTCCA;GGAGGAGCAAAGTAGAACTG;GCACCAAGAAAGGGAGACAA;TTACCCACAGAAGGATTGGA	TRUE	5.016772491436354e-5	0.00966420484878302	0.9	0.1	0.4	0.6	1	TRUE	Dataset: Gasperini2019	Gasperini et al., 2019
chr1	26377523	26378866	NUDC|chr1:26704014-26705357:.	-0.05043409072478722	.	chr1:26704014-26705357:.	chr1	26900238	26900239	+	-0.09240166682054908	-0.00652592331349977	NUDC	ENSG00000090273	NA	ATAGCCGGAATGTAATTCCA;GGAGGAGCAAAGTAGAACTG;GCACCAAGAAAGGGAGACAA;TTACCCACAGAAGGATTGGA	FALSE	0.07543037802388203	0.8127991565183262	1	0.7	0.8	0.95	1	TRUE	Dataset: Gasperini2019	Gasperini et al., 2019
chr1	26377523	26378866	SH3BGRL3|chr1:26704014-26705357:.	-0.01957505501851098	.	chr1:26704014-26705357:.	chr1	26279176	26279177	+	-0.0708000971240671	0.03447392726460485	SH3BGRL3	ENSG00000142669	NA	ATAGCCGGAATGTAATTCCA;GGAGGAGCAAAGTAGAACTG;GCACCAAGAAAGGGAGACAA;TTACCCACAGAAGGATTGGA	FALSE	0.18056061221247727	0.9424308104227728	1	0.7	0.95	1	1	TRUE	Dataset: Gasperini2019	Gasperini et al., 2019
chr1	26377523	26378866	STMN1|chr1:26704014-26705357:.	-0.02873279543181328	.	chr1:26704014-26705357:.	chr1	25906990	25906991	-	-0.07331033594900538	0.01798910602480608	STMN1	ENSG00000117632	NA	ATAGCCGGAATGTAATTCCA;GGAGGAGCAAAGTAGAACTG;GCACCAAGAAAGGGAGACAA;TTACCCACAGAAGGATTGGA	FALSE	0.43481293120311826	0.9999184308772658	0.95	0.8	0.9	0.95	1	TRUE	Dataset: Gasperini2019	Gasperini et al., 2019
chr1	26377523	26378866	ZNF593|chr1:26704014-26705357:.	-0.02713915726376259	.	chr1:26704014-26705357:.	chr1	26169871	26169872	+	-0.06673298515822712	0.01413443770958267	ZNF593	ENSG00000142684	NA	ATAGCCGGAATGTAATTCCA;GGAGGAGCAAAGTAGAACTG;GCACCAAGAAAGGGAGACAA;TTACCCACAGAAGGATTGGA	FALSE	0.4101390039928397	0.9999184308772658	1	0.8	0.85	0.95	1	TRUE	Dataset: Gasperini2019	Gasperini et al., 2019
chr1	26500769	26501550	HMGN2|chr1:26827260-26828041:.	-0.01230072304628493	.	chr1:26827260-26828041:.	chr1	26472450	26472451	+	-0.05891448554834466	0.03662190811992016	HMGN2	ENSG00000198830	NA	CCTGATCCGGAAAATGGGCG;GGAGTTCCCAAACCGCTGAA	FALSE	0.764489602253353	0.9999184308772658	0.95	0.7	0.85	0.85	1	TRUE	Dataset: Gasperini2019	Gasperini et al., 2019
chr1	26500769	26501550	WASF2|chr1:26827260-26828041:.	-7.254165571716209e-4	.	chr1:26827260-26828041:.	chr1	27490157	27490158	-	-0.04466590420006255	0.0452361090270883	WASF2	ENSG00000158195	NA	CCTGATCCGGAAAATGGGCG;GGAGTTCCCAAACCGCTGAA	FALSE	0.6607285403895188	0.9999184308772658	1	0.6	0.8	0.95	1	TRUE	Dataset: Gasperini2019	Gasperini et al., 2019
chr1	26500769	26501550	ZNF593|chr1:26827260-26828041:.	-0.02551398154878248	.	chr1:26827260-26828041:.	chr1	26169871	26169872	+	-0.06740031097725296	0.01825361013362325	ZNF593	ENSG00000142684	NA	CCTGATCCGGAAAATGGGCG;GGAGTTCCCAAACCGCTGAA	FALSE	0.4591390986350665	0.9999184308772658	1	0.45	0.8	0.9	1	TRUE	Dataset: Gasperini2019	Gasperini et al., 2019
chr1	26508328	26508828	MTFR1L|chr1:26834819-26835319:.	-0.01536547488546458	.	chr1:26834819-26835319:.	chr1	25818640	25818641	+	-0.04642427090347523	0.01670493329994293	MTFR1L	ENSG00000117640	NA	GGATCCCTCCATTTGTGAAA;TGTTACCCACCTGCTCCTAT	FALSE	0.23475991104270424	0.9668957434694492	1	0.6	0.8	0.85	1	TRUE	Dataset: Gasperini2019	Gasperini et al., 2019
chr1	26508328	26508828	STMN1|chr1:26834819-26835319:.	-0.0292710654403272	.	chr1:26834819-26835319:.	chr1	25906990	25906991	-	-0.07552646692420106	0.01929869344793444	STMN1	ENSG00000117632	NA	GGATCCCTCCATTTGTGAAA;TGTTACCCACCTGCTCCTAT	FALSE	0.2520023823985379	0.9729460369105408	0.95	0.65	0.85	0.9	1	TRUE	Dataset: Gasperini2019	Gasperini et al., 2019
chr1	26508328	26508828	WASF2|chr1:26834819-26835319:.	0.02138083604869733	.	chr1:26834819-26835319:.	chr1	27490157	27490158	-	-0.01913164323979999	0.06356658878595978	WASF2	ENSG00000158195	NA	GGATCCCTCCATTTGTGAAA;TGTTACCCACCTGCTCCTAT	FALSE	0.5927112774380613	0.9999184308772658	1	0.6	0.9	0.95	1	TRUE	Dataset: Gasperini2019	Gasperini et al., 2019
chr1	26584065	26584565	NUDC|chr1:26910556-26911056:.	-0.03923116965427531	.	chr1:26910556-26911056:.	chr1	26900238	26900239	+	-0.07792773017917765	0.00108936747795773	NUDC	ENSG00000090273	NA	GCTACCAGCTCACCTCCTGG;AGCTGCCTGTAGATTGACTG	FALSE	0.15820573563122106	0.9242065781034244	1	0.75	0.8	1	1	TRUE	Dataset: Gasperini2019	Gasperini et al., 2019
chr1	26584065	26584565	SH3BGRL3|chr1:26910556-26911056:.	-0.00477644657282816	.	chr1:26910556-26911056:.	chr1	26279176	26279177	+	-0.0522481285809957	0.04507303141828012	SH3BGRL3	ENSG00000142669	NA	GCTACCAGCTCACCTCCTGG;AGCTGCCTGTAGATTGACTG	FALSE	0.9749990888566236	0.9999184308772658	0.95	0.45	0.85	0.95	1	TRUE	Dataset: Gasperini2019	Gasperini et al., 2019
chr1	26584065	26584565	STMN1|chr1:26910556-26911056:.	-0.02221282644044331	.	chr1:26910556-26911056:.	chr1	25906990	25906991	-	-0.06303606606627965	0.02038906958100428	STMN1	ENSG00000117632	NA	GCTACCAGCTCACCTCCTGG;AGCTGCCTGTAGATTGACTG	FALSE	0.4434331451628161	0.9999184308772658	0.95	0.6	0.9	0.95	1	TRUE	Dataset: Gasperini2019	Gasperini et al., 2019
chr1	26584065	26584565	WASF2|chr1:26910556-26911056:.	-0.02094394365335739	.	chr1:26910556-26911056:.	chr1	27490157	27490158	-	-0.05729171881004935	0.01680528387752367	WASF2	ENSG00000158195	NA	GCTACCAGCTCACCTCCTGG;AGCTGCCTGTAGATTGACTG	FALSE	0.4895212208906642	0.9999184308772658	1	0.65	0.9	1	1	TRUE	Dataset: Gasperini2019	Gasperini et al., 2019
chr1	26619808	26621780	PIGV|chr1:26946299-26948271:.	0.01957582871831853	.	chr1:26946299-26948271:.	chr1	26787472	26787473	+	-0.00348195273874818	0.04316712914895837	PIGV	ENSG00000060642	NA	GTAATCTTGGGGGAAACGGT;TGGAACCCCGAAGAGATAAG	TRUE	2.692553002473123e-4	0.04097496294539342	0.2	0	0.15	0.25	0.8	TRUE	Dataset: Gasperini2019	Gasperini et al., 2019
chr1	26619808	26621780	STMN1|chr1:26946299-26948271:.	-0.03078987608023109	.	chr1:26946299-26948271:.	chr1	25906990	25906991	-	-0.08863561957301946	0.03072742854891164	STMN1	ENSG00000117632	NA	GTAATCTTGGGGGAAACGGT;TGGAACCCCGAAGAGATAAG	FALSE	0.5769709188757491	0.9999184308772658	0.95	0.7	0.85	0.95	1	TRUE	Dataset: Gasperini2019	Gasperini et al., 2019
chr1	26636453	26637096	NUDC|chr1:26962944-26963587:.	-0.03473853942789129	.	chr1:26962944-26963587:.	chr1	26900238	26900239	+	-0.0762348461042408	0.00862181620128543	NUDC	ENSG00000090273	NA	ATTGCCATCTTGGTTTCTGG;ACATCGGCAGAGAAGCAGCA	FALSE	0.06456349489162222	0.7863746651261321	0.95	0.6	0.85	0.95	1	TRUE	Dataset: Gasperini2019	Gasperini et al., 2019
chr1	26636453	26637096	STMN1|chr1:26962944-26963587:.	-0.0259802907879243	.	chr1:26962944-26963587:.	chr1	25906990	25906991	-	-0.07083531642307894	0.02104009192578937	STMN1	ENSG00000117632	NA	ATTGCCATCTTGGTTTCTGG;ACATCGGCAGAGAAGCAGCA	FALSE	0.541616772972272	0.9999184308772658	1	0.65	0.8	1	1	TRUE	Dataset: Gasperini2019	Gasperini et al., 2019
chr1	26636453	26637096	WASF2|chr1:26962944-26963587:.	-0.04758857145172845	.	chr1:26962944-26963587:.	chr1	27490157	27490158	-	-0.08716909042066412	-0.00629183377743336	WASF2	ENSG00000158195	NA	ATTGCCATCTTGGTTTCTGG;ACATCGGCAGAGAAGCAGCA	FALSE	0.07395483456531285	0.8088012495272169	1	0.75	0.85	1	1	TRUE	Dataset: Gasperini2019	Gasperini et al., 2019
chr1	26686869	26687369	NUDC|chr1:27013360-27013860:.	-0.02142255438223206	.	chr1:27013360-27013860:.	chr1	26900238	26900239	+	-0.0744447085580896	0.0346370723892051	NUDC	ENSG00000090273	NA	GTGTTCTTCTTGGAAGTGAG;GACAGATGAAAACTCTACAG	FALSE	0.5243395032122034	0.9999184308772658	0.95	0.7	0.8	0.95	1	TRUE	Dataset: Gasperini2019	Gasperini et al., 2019
chr1	26783944	26784444	HMGN2|chr1:27110435-27110935:.	-0.00867174703192597	.	chr1:27110435-27110935:.	chr1	26472450	26472451	+	-0.0603033986487006	0.04579680688378462	HMGN2	ENSG00000198830	NA	ATTGCAGGAGAGCAGATGAA;CTAGCCAGCAGAGAACCCAG	FALSE	0.9124515034087928	0.9999184308772658	1	0.5	0.9	1	1	TRUE	Dataset: Gasperini2019	Gasperini et al., 2019
chr1	26783944	26784444	NUDC|chr1:27110435-27110935:.	-0.06892451557987012	.	chr1:27110435-27110935:.	chr1	26900238	26900239	+	-0.11775057222032514	-0.01739629361973149	NUDC	ENSG00000090273	NA	ATTGCAGGAGAGCAGATGAA;CTAGCCAGCAGAGAACCCAG	FALSE	0.03091934674841089	0.6544552540500553	0.95	0.55	0.85	0.95	1	TRUE	Dataset: Gasperini2019	Gasperini et al., 2019
chr1	27026948	27028368	HMGN2|chr1:27353439-27354859:.	-0.00606003119715758	.	chr1:27353439-27354859:.	chr1	26472450	26472451	+	-0.04128912581372046	0.03046360293170202	HMGN2	ENSG00000198830	NA	ACTGTAGGCGACAAGCACGA;GCTGCTCTCTCAATTCCTCC;GGAACTATAGTGGTGCTGGT;TGAAAGTTACTGGAAAAAGG	FALSE	0.9095333896521944	0.9999184308772658	1	0.7	0.85	0.95	1	TRUE	Dataset: Gasperini2019	Gasperini et al., 2019
chr1	27026948	27028368	NUDC|chr1:27353439-27354859:.	-0.04318583208332671	.	chr1:27353439-27354859:.	chr1	26900238	26900239	+	-0.07672830526729035	-0.00842476039394402	NUDC	ENSG00000090273	NA	ACTGTAGGCGACAAGCACGA;GCTGCTCTCTCAATTCCTCC;GGAACTATAGTGGTGCTGGT;TGAAAGTTACTGGAAAAAGG	FALSE	0.01350419146903532	0.48727786605500584	1	0.45	0.85	1	1	TRUE	Dataset: Gasperini2019	Gasperini et al., 2019
chr1	27026948	27028368	PPP1R8|chr1:27353439-27354859:.	0.00920180835194672	.	chr1:27353439-27354859:.	chr1	27830778	27830779	+	-0.01684374734841987	0.03593735709249524	PPP1R8	ENSG00000117751	NA	ACTGTAGGCGACAAGCACGA;GCTGCTCTCTCAATTCCTCC;GGAACTATAGTGGTGCTGGT;TGAAAGTTACTGGAAAAAGG	FALSE	0.7897704194053886	0.9999184308772658	1	0.55	0.9	0.95	1	TRUE	Dataset: Gasperini2019	Gasperini et al., 2019
chr1	27026948	27028368	SH3BGRL3|chr1:27353439-27354859:.	0.02278070050698466	.	chr1:27353439-27354859:.	chr1	26279176	26279177	+	-0.01838459107840506	0.06567231099070137	SH3BGRL3	ENSG00000142669	NA	ACTGTAGGCGACAAGCACGA;GCTGCTCTCTCAATTCCTCC;GGAACTATAGTGGTGCTGGT;TGAAAGTTACTGGAAAAAGG	FALSE	0.10358336851022208	0.8616761823171286	0.95	0.75	0.9	0.95	1	TRUE	Dataset: Gasperini2019	Gasperini et al., 2019
chr1	27026948	27028368	TMEM222|chr1:27353439-27354859:.	-4.350197572390302e-4	.	chr1:27353439-27354859:.	chr1	27322145	27322146	+	-0.02183851001950987	0.02143680768667266	TMEM222	ENSG00000186501	NA	ACTGTAGGCGACAAGCACGA;GCTGCTCTCTCAATTCCTCC;GGAACTATAGTGGTGCTGGT;TGAAAGTTACTGGAAAAAGG	FALSE	0.8053220914534871	0.9999184308772658	0.9	0.6	0.8	0.8	1	TRUE	Dataset: Gasperini2019	Gasperini et al., 2019
chr1	27026948	27028368	WASF2|chr1:27353439-27354859:.	0.02308893490986507	.	chr1:27353439-27354859:.	chr1	27490157	27490158	-	-0.00840134723113106	0.05557925659967511	WASF2	ENSG00000158195	NA	ACTGTAGGCGACAAGCACGA;GCTGCTCTCTCAATTCCTCC;GGAACTATAGTGGTGCTGGT;TGAAAGTTACTGGAAAAAGG	FALSE	0.29086291122906	0.9875674237084344	1	0.75	0.95	1	1	TRUE	Dataset: Gasperini2019	Gasperini et al., 2019
chr1	27026948	27028368	ZNF593|chr1:27353439-27354859:.	-0.01870424973190343	.	chr1:27353439-27354859:.	chr1	26169871	26169872	+	-0.04944159959944094	0.01302702610218298	ZNF593	ENSG00000142684	NA	ACTGTAGGCGACAAGCACGA;GCTGCTCTCTCAATTCCTCC;GGAACTATAGTGGTGCTGGT;TGAAAGTTACTGGAAAAAGG	FALSE	0.2248490283406961	0.9623030435908286	1	0.7	0.8	0.95	1	TRUE	Dataset: Gasperini2019	Gasperini et al., 2019
chr1	27074115	27074615	ZNF593|chr1:27400606-27401106:.	-0.006884259444762	.	chr1:27400606-27401106:.	chr1	26169871	26169872	+	-0.0639911664424273	0.05370680145179851	ZNF593	ENSG00000142684	NA	GGAGGACTGGATCCATCAGG	FALSE	0.8389229111067258	0.9999184308772658	0.95	0.6	0.8	0.85	1	TRUE	Dataset: Gasperini2019	Gasperini et al., 2019
chr1	27523007	27523999	ATPIF1|chr1:27849518-27850510:.	-0.0376420792308344	.	chr1:27849518-27850510:.	chr1	28236109	28236110	+	-0.07837678094342937	0.00489305012866014	ATPIF1	ENSG00000130770	NA	GCAACTCCCTGTTTGTACAG;TCATATCCCGAAGACCTGGG	FALSE	0.21391751800915884	0.9571328520562536	0.95	0.6	0.9	0.95	1	TRUE	Dataset: Gasperini2019	Gasperini et al., 2019
chr1	27523007	27523999	NUDC|chr1:27849518-27850510:.	-0.06233713055709877	.	chr1:27849518-27850510:.	chr1	26900238	26900239	+	-0.10412705368199082	-0.01859782646031549	NUDC	ENSG00000090273	NA	GCAACTCCCTGTTTGTACAG;TCATATCCCGAAGACCTGGG	FALSE	0.00105208400845708	0.11779807776780447	1	0.7	0.85	0.9	1	TRUE	Dataset: Gasperini2019	Gasperini et al., 2019
