chr,start,end,rsid,ref,alt,TF,experiment,oligo,oligo_auc,oligo_pval,ref_auc,alt_auc,pbs,pval,fdr
chr1,49979657,49979658,rs4582846,C,T,DMRTC2,FL.7.1.A7,chr1:50445310-50445350,2.80064,0.03285,0.33993,0.58504,-0.24511,0.88535,0.98584
chr1,49979657,49979658,rs4582846,C,T,FOXA2,DBD.8.0.B10,chr1:50445310-50445350,1.55439,0.03224,-0.46211,-0.08603,-0.37608,0.89092,0.99856
chr1,49979657,49979658,rs4582846,C,T,HOXA13,FL.5.1.F3,chr1:50445310-50445350,1.80979,0.02799,-2.38964,-0.0028,-2.38684,0.43601,0.99686
chr1,49979657,49979658,rs4582846,C,T,MAF,FL.5.1.C3,chr1:50445310-50445350,3.54352,0.00102,0.50441,-0.04574,0.55015,0.85728,0.99998
chr1,49979657,49979658,rs4582846,C,T,MAFG,DBD.1.1.H6,chr1:50445310-50445350,2.16224,0.00679,0.23015,0.55587,-0.32572,0.82207,0.97275
chr1,49979657,49979658,rs4582846,C,T,MAFG,FL.7.1.B11,chr1:50445310-50445350,3.734,0.00052,1.89703,-1.05961,2.95664,0.3003,0.99954
chr1,49979657,49979658,rs4582846,C,T,MEIS3,DBD.3.1.G7,chr1:50445310-50445350,1.51284,0.02333,-0.14324,0.04581,-0.18906,0.7372,0.86743
chr1,49979657,49979658,rs4582846,C,T,MYBL2,DBD.2.0.F4,chr1:50445310-50445350,2.77927,0.01055,-0.62699,1.51163,-2.13862,0.23571,0.88838
chr1,49979657,49979658,rs4582846,C,T,NFE2,DBD.2.0.G9,chr1:50445310-50445350,1.76009,0.0056,-1.97835,2.78215,-4.7605,0.01959,0.98831
chr1,49979657,49979658,rs4582846,C,T,NRL,FL.5.1.C4,chr1:50445310-50445350,3.62308,0.00067,-0.11784,-0.99424,0.8764,0.73881,1.0
chr1,49979657,49979658,rs4582846,C,T,POU2F2,DBD.4.0.E11,chr1:50445310-50445350,2.35542,0.0316,1.93413,-2.06368,3.99781,0.17623,0.94312
chr1,49979657,49979658,rs4582846,C,T,POU3F4,DBD.2.0.C9,chr1:50445310-50445350,2.33898,0.02328,0.87568,-0.87146,1.74714,0.52431,0.98232
chr1,49979657,49979658,rs4582846,C,T,PROP1,FL.5.1.B4,chr1:50445310-50445350,1.98261,0.00853,-2.27903,-3.81633,1.53729,0.368,0.95984
chr1,49979657,49979658,rs4582846,C,T,TBX20,FL.8.0.F5,chr1:50445310-50445350,2.52445,0.01353,0.77695,0.24164,0.5353,0.83836,0.99821
chr1,49979657,49979658,rs4582846,C,T,TFCP2,DBD.4.0.D10,chr1:50445310-50445350,1.1927,0.03726,-2.2482,-2.60994,0.36174,0.73402,0.97331
chr1,49991164,49991165,rs11576945,C,T,ARX,DBD.1.1.H2,chr1:50456817-50456857,1.99833,0.03752,0.62282,-2.27316,2.89597,0.18163,0.81301
chr1,49991164,49991165,rs11576945,C,T,BARHL1,DBD.8.0.A11,chr1:50456817-50456857,4.41766,0.00098,0.03488,-1.08719,1.12206,0.59092,0.97879
chr1,49991164,49991165,rs11576945,C,T,CDX1,DBD.2.0.E4,chr1:50456817-50456857,8.05956,0.0,0.83129,0.64809,0.18321,0.93034,0.99484
chr1,49991164,49991165,rs11576945,C,T,CUX1,DBD.4.0.A5,chr1:50456817-50456857,3.63066,0.00363,-1.44168,0.48099,-1.92267,0.21787,0.8122
chr1,49991164,49991165,rs11576945,C,T,DLX1,DBD.4.0.E9,chr1:50456817-50456857,4.76256,0.00015,0.54645,-0.18226,0.72872,0.79384,0.99866
chr1,49991164,49991165,rs11576945,C,T,DLX4,FL.5.1.A3,chr1:50456817-50456857,3.11513,0.00655,0.93738,0.56463,0.37275,0.88663,0.99733
chr1,49991164,49991165,rs11576945,C,T,DLX4,FL.7.1.A8,chr1:50456817-50456857,4.25032,0.00044,0.72945,-1.12893,1.85838,0.50365,0.99946
chr1,49991164,49991165,rs11576945,C,T,CDX4,FL.8.0.E1,chr1:50456817-50456857,5.96618,0.0,0.17589,-0.04213,0.21802,0.94123,0.99999
chr1,49991164,49991165,rs11576945,C,T,DLX5,DBD.4.0.E5,chr1:50456817-50456857,4.46771,0.00056,0.03525,-0.48282,0.51806,0.83989,0.99773
chr1,49991164,49991165,rs11576945,C,T,EMX1,FL.5.1.F1,chr1:50456817-50456857,7.28549,0.0,-0.17705,-0.86832,0.69128,0.77511,0.98912
chr1,49991164,49991165,rs11576945,C,T,EN2,DBD.3.1.A7,chr1:50456817-50456857,2.28558,0.0171,1.71807,-1.99147,3.70954,0.24932,0.99998
chr1,49991164,49991165,rs11576945,C,T,ESX1,DBD.4.0.E4,chr1:50456817-50456857,5.19693,0.00072,1.05179,0.91882,0.13296,0.8292,0.89549
chr1,49991164,49991165,rs11576945,C,T,EVX2,DBD.2.0.E5,chr1:50456817-50456857,2.51361,0.01938,1.38032,-1.71592,3.09624,0.30983,0.99952
chr1,49991164,49991165,rs11576945,C,T,FOXA2,DBD.8.0.B10,chr1:50456817-50456857,2.2892,0.01006,-0.05362,2.10891,-2.16253,0.45542,0.99856
chr1,49991164,49991165,rs11576945,C,T,FOXD2,DBD.1.1.H4,chr1:50456817-50456857,3.59723,0.00111,-0.06726,-0.06202,-0.00524,0.98784,0.98985
chr1,49991164,49991165,rs11576945,C,T,GBX2,FL.5.1.A2,chr1:50456817-50456857,5.52754,0.00021,0.38227,-0.26049,0.64276,0.70559,0.94659
chr1,49991164,49991165,rs11576945,C,T,GLI3,DBD.2.0.C12,chr1:50456817-50456857,2.02938,0.01324,0.41316,3.07529,-2.66213,0.35887,1.0
chr1,49991164,49991165,rs11576945,C,T,GSX1,DBD.1.1.C2,chr1:50456817-50456857,4.56993,0.00024,-0.09102,-0.48969,0.39867,0.8705,0.99721
chr1,49991164,49991165,rs11576945,C,T,HESX1,FL.5.1.F6,chr1:50456817-50456857,1.65656,0.02017,-0.44067,-0.06348,-0.37719,0.89166,0.99999
chr1,49991164,49991165,rs11576945,C,T,HLF,FL.6.0.C4,chr1:50456817-50456857,1.81755,0.03602,3.02006,-2.12863,5.1487,0.1018,0.99234
chr1,49991164,49991165,rs11576945,C,T,HLF,FL.7.1.A2,chr1:50456817-50456857,3.15493,0.00714,0.77561,0.50321,0.27241,0.84034,0.9366
chr1,49991164,49991165,rs11576945,C,T,HNF1B,FL.8.0.G2,chr1:50456817-50456857,3.98982,0.00358,2.03179,-1.21206,3.24385,0.14069,0.95191
chr1,49991164,49991165,rs11576945,C,T,HOXA10,DBD.3.1.H6,chr1:50456817-50456857,7.1068,0.0,-0.24789,0.36607,-0.61396,0.79779,0.99997
chr1,49991164,49991165,rs11576945,C,T,HOXA10,FL.7.1.E6,chr1:50456817-50456857,4.90609,3e-05,0.38112,0.02472,0.3564,0.90936,1.0
chr1,49991164,49991165,rs11576945,C,T,HOXA13,FL.5.1.F3,chr1:50456817-50456857,6.23885,2e-05,1.19002,0.63352,0.5565,0.84305,0.99686
chr1,49991164,49991165,rs11576945,C,T,HOXA5,FL.7.1.B5,chr1:50456817-50456857,3.62016,0.00137,-0.65135,0.15797,-0.80933,0.75056,0.9921
chr1,49991164,49991165,rs11576945,C,T,HOXA9,DBD.4.0.D7,chr1:50456817-50456857,6.49647,2e-05,0.18639,-0.65154,0.83793,0.74513,0.99538
chr1,49991164,49991165,rs11576945,C,T,HOXB13,DBD.3.1.F6,chr1:50456817-50456857,5.26953,5e-05,-0.59877,-0.05071,-0.54806,0.84347,0.99743
chr1,49991164,49991165,rs11576945,C,T,HOXB13,FL.4.0.H3,chr1:50456817-50456857,4.91886,0.00044,0.86428,-1.03737,1.90165,0.49547,0.97767
chr1,49991164,49991165,rs11576945,C,T,HOXB4,FL.5.1.A9,chr1:50456817-50456857,4.1874,0.00017,0.36263,-1.31529,1.67791,0.58865,1.0
chr1,49991164,49991165,rs11576945,C,T,HOXB5,FL.8.0.D12,chr1:50456817-50456857,5.12767,9e-05,-0.93137,-0.54572,-0.38565,0.89243,0.99998
chr1,49991164,49991165,rs11576945,C,T,HOXB7,DBD.8.0.C2,chr1:50456817-50456857,4.9467,2e-05,-0.3983,-0.3359,-0.06241,0.98584,0.99999
chr1,49991164,49991165,rs11576945,C,T,HOXC10,DBD.3.1.G2,chr1:50456817-50456857,6.28184,2e-05,-0.16337,1.1981,-1.36147,0.48033,0.9863
chr1,49991164,49991165,rs11576945,C,T,HOXC11,DBD.8.0.C7,chr1:50456817-50456857,4.81632,8e-05,1.4644,0.19775,1.26665,0.69859,1.0
chr1,49991164,49991165,rs11576945,C,T,HOXC11,FL.6.0.G11,chr1:50456817-50456857,5.53745,2e-05,-0.48259,1.26166,-1.74425,0.58865,0.99999
chr1,49991164,49991165,rs11576945,C,T,HOXC4,FL.5.1.A8,chr1:50456817-50456857,4.99829,7e-05,0.81333,-0.78238,1.59572,0.56873,1.0
chr1,49991164,49991165,rs11576945,C,T,HOXC9,FL.7.1.G7,chr1:50456817-50456857,7.67141,0.0,-0.66613,0.37729,-1.04342,0.68393,0.99417
chr1,49991164,49991165,rs11576945,C,T,HOXD10,DBD.8.0.B2,chr1:50456817-50456857,4.13773,0.00019,-0.60065,0.97242,-1.57306,0.56219,0.99998
chr1,49991164,49991165,rs11576945,C,T,HOXD13,DBD.2.0.E12,chr1:50456817-50456857,5.07353,0.00012,-1.07609,0.70652,-1.78261,0.56289,1.0
chr1,49991164,49991165,rs11576945,C,T,HOXD4,FL.5.1.A7,chr1:50456817-50456857,4.58288,0.0001,-0.61126,-0.55132,-0.05994,0.98685,0.99999
chr1,49991164,49991165,rs11576945,C,T,IRF3,DBD.3.1.C5,chr1:50456817-50456857,2.04813,0.0212,-0.0781,-0.55227,0.47417,0.8357,0.99992
chr1,49991164,49991165,rs11576945,C,T,ISX,DBD.1.1.B11,chr1:50456817-50456857,2.44143,0.00799,-0.5249,0.87547,-1.40037,0.61231,0.99996
chr1,49991164,49991165,rs11576945,C,T,ISX,FL.5.1.F5,chr1:50456817-50456857,7.04288,4e-05,0.06604,-0.81007,0.87612,0.63563,0.96494
chr1,49991164,49991165,rs11576945,C,T,ISX,FL.7.1.F6,chr1:50456817-50456857,6.002,0.0001,-0.60081,-0.4761,-0.12471,0.9274,0.97781
chr1,49991164,49991165,rs11576945,C,T,LHX4,FL.6.0.D8,chr1:50456817-50456857,3.84413,0.00079,1.08412,0.10913,0.97499,0.73744,0.99996
chr1,49991164,49991165,rs11576945,C,T,LHX5,FL.5.1.F9,chr1:50456817-50456857,4.35793,0.00017,-1.54262,0.78639,-2.32901,0.42764,1.0
chr1,49991164,49991165,rs11576945,C,T,LHX6,FL.8.0.E5,chr1:50456817-50456857,1.44418,0.0321,1.50627,-1.61511,3.12139,0.17407,0.96987
chr1,49991164,49991165,rs11576945,C,T,LHX8,FL.6.0.A9,chr1:50456817-50456857,3.25054,0.0051,1.12125,-0.81488,1.93613,0.42549,0.97634
chr1,49991164,49991165,rs11576945,C,T,LHX8,FL.7.1.G11,chr1:50456817-50456857,1.83025,0.01778,0.57054,-2.19645,2.76699,0.33072,0.998
chr1,49991164,49991165,rs11576945,C,T,LHX9,DBD.2.0.E2,chr1:50456817-50456857,4.56426,0.00019,-0.21161,-0.8389,0.6273,0.8294,1.0
chr1,49991164,49991165,rs11576945,C,T,LHX9,FL.5.1.F7,chr1:50456817-50456857,3.13399,0.00168,0.24626,0.23866,0.0076,0.99661,0.99876
chr1,49991164,49991165,rs11576945,C,T,LHX9,FL.8.0.D3,chr1:50456817-50456857,4.62941,0.00036,0.96483,0.482,0.48283,0.83116,0.99599
chr1,49991164,49991165,rs11576945,C,T,LMX1B,FL.5.1.F8,chr1:50456817-50456857,2.04323,0.01103,0.36748,-0.44822,0.8157,0.78062,0.99999
chr1,49991164,49991165,rs11576945,C,T,LMX1B,FL.7.1.G12,chr1:50456817-50456857,3.53332,0.0012,0.23775,-0.51554,0.75329,0.78727,0.9987
chr1,49991164,49991165,rs11576945,C,T,MEOX2,FL.6.0.G9,chr1:50456817-50456857,2.18513,0.0234,-0.49729,-1.07655,0.57926,0.85317,0.99959
chr1,49991164,49991165,rs11576945,C,T,MIXL1,FL.5.1.F4,chr1:50456817-50456857,3.70987,0.00183,0.68527,-0.95168,1.63695,0.51454,0.98618
chr1,49991164,49991165,rs11576945,C,T,NKX6_2,FL.5.1.A5,chr1:50456817-50456857,3.12016,0.00527,1.38626,-1.01419,2.40045,0.40707,0.99067
chr1,49991164,49991165,rs11576945,C,T,POU2F2,DBD.4.0.E11,chr1:50456817-50456857,3.12579,0.01088,0.4712,-0.44285,0.91405,0.6348,0.94312
chr1,49991164,49991165,rs11576945,C,T,POU3F2,DBD.4.0.A2,chr1:50456817-50456857,2.9524,0.00385,0.22645,2.05836,-1.83192,0.32294,0.90512
chr1,49991164,49991165,rs11576945,C,T,POU3F4,DBD.2.0.C9,chr1:50456817-50456857,2.32066,0.02398,1.93216,-2.98618,4.91834,0.12095,0.98232
chr1,49991164,49991165,rs11576945,C,T,POU5F1,FL.8.0.F3,chr1:50456817-50456857,2.51723,0.00804,-0.90748,1.49107,-2.39855,0.4481,0.99998
chr1,49991164,49991165,rs11576945,C,T,RAX,DBD.2.0.A2,chr1:50456817-50456857,3.46203,0.0036,2.45377,-0.64484,3.09861,0.20684,0.91367
chr1,49991164,49991165,rs11576945,C,T,SHOX,DBD.8.0.A12,chr1:50456817-50456857,8.18245,8e-05,0.35835,-0.01766,0.37602,0.29935,0.45742
chr1,49991164,49991165,rs11576945,C,T,SKOR2,DBD.2.0.D12,chr1:50456817-50456857,1.6174,0.02158,-0.82909,0.37985,-1.20893,0.62981,0.99914
chr1,49991164,49991165,rs11576945,C,T,VENTX,DBD.1.1.C5,chr1:50456817-50456857,2.15899,0.03183,0.79922,-1.09172,1.89094,0.51345,0.99998
chr1,49991164,49991165,rs11576945,C,T,VENTX,FL.5.1.F2,chr1:50456817-50456857,4.74971,0.00053,1.09664,-1.30983,2.40646,0.28502,0.9675
chr1,49991164,49991165,rs11576945,C,T,VENTX,FL.8.0.D2,chr1:50456817-50456857,4.10135,0.00134,0.47252,-1.51519,1.98771,0.41855,0.97865
chr1,49991164,49991165,rs11576945,C,T,VSX1,DBD.2.0.A5,chr1:50456817-50456857,3.2815,0.00583,0.66814,-0.68841,1.35656,0.53563,0.95407
chr1,49991164,49991165,rs11576945,C,T,VSX1,FL.8.0.E3,chr1:50456817-50456857,3.43772,0.00608,1.38708,-0.31752,1.7046,0.46545,0.97298
chr1,49991164,49991165,rs11576945,C,T,VSX2,DBD.1.1.F2,chr1:50456817-50456857,2.16933,0.01614,0.77462,-1.12099,1.89561,0.34378,0.92449
chr1,49991164,49991165,rs11576945,C,T,VSX2,FL.8.0.E2,chr1:50456817-50456857,2.50739,0.03478,1.28373,-1.89083,3.17456,0.27504,0.98159
chr1,49991164,49991165,rs11576945,C,T,ZNF32,FL.7.1.F4,chr1:50456817-50456857,3.70765,0.00066,-3.51309,3.16656,-6.67964,0.03214,0.99703
chr1,50025842,50025843,rs78845435,G,A,ELF1,DBD.3.1.C8,chr1:50491495-50491535,2.94383,0.0041,-0.14042,0.57757,-0.71799,0.79787,0.99994
chr1,50025842,50025843,rs78845435,G,A,ELF4,DBD.3.1.C1,chr1:50491495-50491535,2.16858,0.02252,0.3747,-0.36115,0.73586,0.80472,0.99998
chr1,50025842,50025843,rs78845435,G,A,ELK1,DBD.3.1.G4,chr1:50491495-50491535,2.91295,0.00446,-0.62955,0.07416,-0.70371,0.72289,0.98817
chr1,50025842,50025843,rs78845435,G,A,ELK1,FL.8.0.E9,chr1:50491495-50491535,1.97849,0.01954,-0.36251,-1.26189,0.89937,0.73335,0.99649
chr1,50025842,50025843,rs78845435,G,A,ERG,DBD.4.0.D5,chr1:50491495-50491535,1.05486,0.03397,1.32105,-0.2707,1.59174,0.20132,0.93681
chr1,50025842,50025843,rs78845435,G,A,ETV1,DBD.3.1.D6,chr1:50491495-50491535,3.09097,0.00401,-0.53766,-0.28166,-0.256,0.84348,0.97447
chr1,50025842,50025843,rs78845435,G,A,ETV4,FL.7.1.B12,chr1:50491495-50491535,2.51542,0.00529,-0.27708,-0.14588,-0.1312,0.95673,0.99844
chr1,50025842,50025843,rs78845435,G,A,ETV5,DBD.4.0.A6,chr1:50491495-50491535,1.23001,0.0357,0.82007,0.27382,0.54625,0.59854,0.91634
chr1,50025842,50025843,rs78845435,G,A,JDP2,FL.5.1.C1,chr1:50491495-50491535,2.0985,0.01663,-1.63129,-2.9843,1.35301,0.64334,1.0
chr1,50025842,50025843,rs78845435,G,A,MAF,FL.5.1.C3,chr1:50491495-50491535,1.70822,0.04402,3.24707,-2.31414,5.56121,0.08773,0.99998
chr1,50025842,50025843,rs78845435,G,A,NHLH2,FL.5.1.F11,chr1:50491495-50491535,1.61234,0.04409,-0.53191,-1.40587,0.87396,0.77238,0.99985
chr1,50025842,50025843,rs78845435,G,A,NRL,DBD.3.1.C9,chr1:50491495-50491535,1.21467,0.01669,3.59697,-2.22292,5.81989,0.01325,0.995
