chr9	135961939	135961940	NC_000009.12:135961939:C:T	3	+	0.0040	0.7019	0.4889	0.7251	0.5157	0.1089	0.0436	0.0009	-0.0240	0.0321	100	C	T
chr9	135962406	135962415	NC_000009.12:135962406:CTTACTTAC:CTTAC	8	+	0.0096	0.6739	0.4672	0.6808	0.4822	0.2451	0.1024	0.0013	-0.0234	0.0425	102	CTTACTTAC	CTTAC
chr9	136120451	136120452	NC_000009.12:136120451:C:T	13	+	-0.0154	0.6922	0.6222	0.7067	0.6082	0.4623	0.2084	0.0015	-0.0474	0.0166	100	C	T
chr9	136248440	136248441	NC_000009.12:136248440:T:C	66	+	-0.0768	0.5948	0.3434	0.6516	0.3039	5.9634	4.7221	0.9920	-0.1076	-0.0461	100	T	C
chr9	136409762	136409763	NC_000009.12:136409762:G:A	0	+	0.0003	0.6667	0.4286	0.6120	0.3810	0.0077	0.0029	0.0009	-0.0276	0.0282	100	G	A
chr9	136440567	136440568	NC_000009.12:136440567:C:T	31	+	-0.0363	0.5936	0.4647	0.5893	0.4212	1.1282	0.6003	0.0060	-0.0762	0.0036	100	C	T
chr9	136767461	136767462	NC_000009.12:136767461:G:A	45	+	-0.0522	0.6382	0.4405	0.7456	0.4582	2.0643	1.2851	0.0357	-0.0911	-0.0133	100	G	A
chr9	136886328	136886329	NC_000009.12:136886328:G:C	2	+	-0.0024	0.6182	1.0241	0.6315	1.0386	0.0928	0.0351	0.0005	-0.0213	0.0166	100	G	C
chr9	137239310	137239311	NC_000009.12:137239310:T:C	25	+	0.0295	0.6892	0.6271	0.6842	0.6684	1.0221	0.5296	0.0044	-0.0051	0.0641	100	T	C
chr9	137423283	137423284	NC_000009.12:137423283:T:C	14	+	-0.0164	0.7138	1.3057	0.7387	1.3015	0.4569	0.2065	0.0014	-0.0509	0.0180	100	T	C
