_from,_to,Uniq_ID_1,Uniq_ID_2,R2,Dprime,+/-corr,chrom
snps/10510227,snps/10511349,10510227:A:G,10511349:AT:A,1.0,1.0,+,22
snps/10510227,snps/10516450,10510227:A:G,10516450:GT:G,1.0,1.0,+,22
snps/10510227,snps/11328454,10510227:A:G,11328454:G:T,1.0,1.0,+,22
snps/10510227,snps/11450751,10510227:A:G,11450751:A:G,0.248,1.0,+,22
snps/10511349,snps/10516450,10511349:AT:A,10516450:GT:G,1.0,1.0,+,22
snps/10511349,snps/11328454,10511349:AT:A,11328454:G:T,1.0,1.0,+,22
snps/10511349,snps/11450751,10511349:AT:A,11450751:A:G,0.248,1.0,+,22
snps/10516450,snps/11328454,10516450:GT:G,11328454:G:T,1.0,1.0,+,22
snps/10516450,snps/11450751,10516450:GT:G,11450751:A:G,0.248,1.0,+,22
snps/10519389,snps/11333822,10519389:T:C,11333822:T:A,0.499,1.0,+,22
snps/10519389,snps/11346681,10519389:T:C,11346681:T:C,1.0,1.0,+,22
snps/10519389,snps/11366548,10519389:T:C,11366548:A:T,1.0,1.0,+,22
snps/10522110,snps/10611559,10522110:CCTT:C,10611559:C:A,0.332,1.0,+,22
snps/10522162,snps/11297549,10522162:G:A,11297549:T:A,1.0,1.0,+,22
snps/10522363,snps/10625878,10522363:C:G,10625878:T:C,1.0,1.0,+,22
snps/10522363,snps/10650333,10522363:C:G,10650333:A:T,1.0,1.0,+,22
snps/10522363,snps/11211686,10522363:C:G,11211686:C:G,1.0,1.0,+,22
snps/10522363,snps/11212075,10522363:C:G,11212075:A:G,1.0,1.0,+,22
snps/10522363,snps/11328330,10522363:C:G,11328330:C:T,1.0,1.0,+,22
snps/10522363,snps/11344209,10522363:C:G,11344209:A:C,1.0,1.0,+,22
snps/10522363,snps/11477161,10522363:C:G,11477161:C:G,1.0,1.0,+,22
snps/10522363,snps/11477246,10522363:C:G,11477246:G:T,1.0,1.0,+,22
snps/10525480,snps/11339921,10525480:T:A,11339921:A:G,1.0,1.0,+,22
snps/10525480,snps/11365606,10525480:T:A,11365606:T:C,1.0,1.0,+,22
snps/10527483,snps/10527519,10527483:GGC:G,10527519:G:A,0.499,1.0,+,22
snps/10527483,snps/11281158,10527483:GGC:G,11281158:TG:T,1.0,1.0,+,22
snps/10527519,snps/10570435,10527519:G:A,10570435:C:T,0.499,1.0,+,22
snps/10527519,snps/11281158,10527519:G:A,11281158:TG:T,0.499,1.0,+,22
snps/10530667,snps/11288679,10530667:GA:G,11288679:C:T,1.0,1.0,+,22
snps/10530667,snps/11377855,10530667:GA:G,11377855:A:G,1.0,1.0,+,22
snps/10534655,snps/10666655,10534655:C:T,10666655:C:G,0.332,1.0,+,22
snps/10543810,snps/10637022,10543810:T:A,10637022:CTGCCCTGGCACTGCCTT:C,0.332,1.0,+,22
snps/10543810,snps/10684952,10543810:T:A,10684952:A:T,1.0,1.0,+,22
snps/10543810,snps/10731938,10543810:T:A,10731938:C:T,0.499,1.0,+,22
snps/10550956,snps/10671506,10550956:T:C,10671506:C:T,1.0,1.0,+,22
snps/10550956,snps/10675016,10550956:T:C,10675016:A:T,1.0,1.0,+,22
snps/10550956,snps/10689346,10550956:T:C,10689346:C:A,1.0,1.0,+,22
snps/10550956,snps/10944843,10550956:T:C,10944843:CCA:C,1.0,1.0,+,22
snps/10550956,snps/11302664,10550956:T:C,11302664:T:A,1.0,1.0,+,22
snps/10551084,snps/10650222,10551084:G:C,10650222:A:C,0.332,1.0,+,22
snps/10551084,snps/10693248,10551084:G:C,10693248:G:T,1.0,1.0,+,22
snps/10551084,snps/11452118,10551084:G:C,11452118:A:ACACTATCC,1.0,1.0,+,22
snps/10552213,snps/10559855,10552213:C:A,10559855:A:C,0.248,1.0,+,22
snps/10552213,snps/10692814,10552213:C:A,10692814:T:A,0.248,1.0,+,22
snps/10552213,snps/10700023,10552213:C:A,10700023:T:C,0.248,1.0,+,22
snps/10552213,snps/10701667,10552213:C:A,10701667:T:C,0.248,1.0,+,22
snps/10552213,snps/10706618,10552213:C:A,10706618:T:G,0.248,1.0,+,22
snps/10552213,snps/10725495,10552213:C:A,10725495:C:G,0.248,1.0,+,22
snps/10554974,snps/10581362,10554974:A:T,10581362:G:A,1.0,1.0,+,22
snps/10554974,snps/11211692,10554974:A:T,11211692:A:G,1.0,1.0,+,22
snps/10554974,snps/11439837,10554974:A:T,11439837:T:C,0.499,1.0,+,22
snps/10559855,snps/10692814,10559855:A:C,10692814:T:A,1.0,1.0,+,22
snps/10559855,snps/10701667,10559855:A:C,10701667:T:C,1.0,1.0,+,22
snps/10559855,snps/10706618,10559855:A:C,10706618:T:G,1.0,1.0,+,22
snps/10560974,snps/10590368,10560974:C:T,10590368:G:C,1.0,1.0,+,22
snps/10560974,snps/10637022,10560974:C:T,10637022:CTGCCCTGGCACTGCCTT:C,0.332,1.0,+,22
snps/10560974,snps/11212778,10560974:C:T,11212778:A:G,1.0,1.0,+,22
snps/10560974,snps/11443250,10560974:C:T,11443250:G:A,0.499,1.0,+,22
snps/10565999,snps/11253548,10565999:A:T,11253548:G:A,0.499,1.0,+,22
snps/10565999,snps/11561868,10565999:A:T,11561868:G:T,0.499,1.0,+,22
snps/10567692,snps/10572929,10567692:TA:T,10572929:ATAAG:A,1.0,1.0,+,22
snps/10567692,snps/10573349,10567692:TA:T,10573349:T:G,1.0,1.0,+,22
snps/10567692,snps/10592948,10567692:TA:T,10592948:C:A,0.499,1.0,+,22
snps/10567692,snps/10649182,10567692:TA:T,10649182:A:G,1.0,1.0,+,22
snps/10567692,snps/10676968,10567692:TA:T,10676968:C:G,1.0,1.0,+,22
snps/10567692,snps/11049843,10567692:TA:T,11049843:TCAGCCTGGGTGACAGAG:T,1.0,1.0,+,22
snps/10567852,snps/10581525,10567852:A:T,10581525:T:C,0.332,1.0,+,22
snps/10567852,snps/10593044,10567852:A:T,10593044:C:G,0.332,1.0,+,22
snps/10567852,snps/10650397,10567852:A:T,10650397:C:A,0.332,1.0,+,22
snps/10567852,snps/10673300,10567852:A:T,10673300:A:G,0.332,1.0,+,22
snps/10567852,snps/10762695,10567852:A:T,10762695:G:A,0.332,1.0,+,22
snps/10567852,snps/10945029,10567852:A:T,10945029:T:C,0.332,1.0,+,22
snps/10567852,snps/11464608,10567852:A:T,11464608:A:T,0.332,1.0,+,22
snps/10570449,snps/10660307,10570449:G:C,10660307:G:A,0.499,1.0,+,22
snps/10570449,snps/11245552,10570449:G:C,11245552:G:A,0.499,1.0,+,22
snps/10570449,snps/11335471,10570449:G:C,11335471:G:T,0.499,1.0,+,22
snps/10571413,snps/10637411,10571413:C:T,10637411:T:C,1.0,1.0,+,22
snps/10571413,snps/10695526,10571413:C:T,10695526:T:C,0.248,1.0,+,22
snps/10571413,snps/11461375,10571413:C:T,11461375:G:A,0.499,1.0,+,22
snps/10572093,snps/10625559,10572093:C:A,10625559:C:T,1.0,1.0,+,22
snps/10572093,snps/10637022,10572093:C:A,10637022:CTGCCCTGGCACTGCCTT:C,0.332,1.0,+,22
snps/10572093,snps/11486724,10572093:C:A,11486724:T:TA,1.0,1.0,+,22
snps/10572093,snps/11489297,10572093:C:A,11489297:G:A,0.499,1.0,+,22
snps/10572929,snps/10573349,10572929:ATAAG:A,10573349:T:G,1.0,1.0,+,22
snps/10572929,snps/10592948,10572929:ATAAG:A,10592948:C:A,0.499,1.0,+,22
snps/10572929,snps/10649182,10572929:ATAAG:A,10649182:A:G,1.0,1.0,+,22
snps/10572929,snps/10676968,10572929:ATAAG:A,10676968:C:G,1.0,1.0,+,22
snps/10572929,snps/11049843,10572929:ATAAG:A,11049843:TCAGCCTGGGTGACAGAG:T,1.0,1.0,+,22
snps/10573349,snps/10592948,10573349:T:G,10592948:C:A,0.499,1.0,+,22
snps/10573349,snps/10649182,10573349:T:G,10649182:A:G,1.0,1.0,+,22
snps/10573349,snps/10676968,10573349:T:G,10676968:C:G,1.0,1.0,+,22
snps/10573349,snps/11049843,10573349:T:G,11049843:TCAGCCTGGGTGACAGAG:T,1.0,1.0,+,22
snps/10577656,snps/11237710,10577656:TCA:T,11237710:A:G,1.0,1.0,+,22
snps/10577656,snps/11237717,10577656:TCA:T,11237717:A:T,1.0,1.0,+,22
snps/10577656,snps/11333504,10577656:TCA:T,11333504:G:T,0.499,1.0,+,22
snps/10579920,snps/11550748,10579920:G:C,11550748:G:A,0.499,1.0,+,22
snps/10581130,snps/10706991,10581130:T:C,10706991:T:A,1.0,1.0,+,22
snps/10581130,snps/11253052,10581130:T:C,11253052:C:T,0.332,1.0,+,22
snps/10581130,snps/11491929,10581130:T:C,11491929:G:T,1.0,1.0,+,22
