P19793	ENSP00000419692.1
Q7RTS1	ENSP00000326391.2
Q7RTS1	ENSP00000476312.1
O75593	ENSP00000366534.4
P22415	ENSP00000356999.1
P22415	ENSP00000357000.3
P49639	ENSP00000347851.5
P49639	ENSP00000494260.2
Q9UIH9	ENSP00000296233.3
P23769	ENSP00000345681.2
P23769	ENSP00000400259.2
P23769	ENSP00000417074.1
Q13887	ENSP00000366915.4
Q13887	ENSP00000440407.1
P09629	ENSP00000239165.7
P50549	ENSP00000242066.5
P50549	ENSP00000384138.1
P50549	ENSP00000385686.1
P50549	ENSP00000385381.2
P50549	ENSP00000385551.2
P50549	ENSP00000405327.1
P50549	ENSP00000393078.2
P50549	ENSP00000394710.2
Q53GI3	ENSP00000337363.6
Q53GI3	ENSP00000409565.2
Q53GI3	ENSP00000499131.1
P42226	ENSP00000300134.3
P42226	ENSP00000401486.3
P42226	ENSP00000444530.2
P42226	ENSP00000445409.2
P42226	ENSP00000438451.2
P42226	ENSP00000450732.2
P42226	ENSP00000452203.2
P42226	ENSP00000451074.2
P42226	ENSP00000452394.2
P42226	ENSP00000451742.1
P42226	ENSP00000450747.2
P42226	ENSP00000519638.1
P42226	ENSP00000519640.1
P56270	ENSP00000219782.6
P56270	ENSP00000313362.6
P56270	ENSP00000443956.1
P56270	ENSP00000455726.1
Q14865	ENSP00000279873.7
Q14865	ENSP00000308862.5
Q92481	ENSP00000377265.2
Q00978	ENSP00000380073.3
Q00978	ENSP00000494792.1
Q00978	ENSP00000514112.1
Q14186	ENSP00000364519.4
P85037	ENSP00000328720.4
Q99592	ENSP00000351539.4
Q99592	ENSP00000481278.1
Q99592	ENSP00000512756.1
Q99592	ENSP00000512758.1
Q14526	ENSP00000314080.3
Q14526	ENSP00000382742.2
Q14526	ENSP00000477858.1
O75467	ENSP00000196482.3
O75467	ENSP00000444812.1
Q14653	ENSP00000310127.6
Q14653	ENSP00000366344.3
Q14653	ENSP00000400378.2
Q14653	ENSP00000470512.1
Q14653	ENSP00000469113.1
Q14653	ENSP00000471358.1
Q14653	ENSP00000472700.1
Q14653	ENSP00000471896.1
Q96EK4	ENSP00000304689.1
Q01860	ENSP00000259915.7
Q01860	ENSP00000365419.4
Q01860	ENSP00000373016.4
Q01860	ENSP00000387646.2
Q01860	ENSP00000413622.2
Q01860	ENSP00000387619.2
Q01860	ENSP00000392877.2
Q01860	ENSP00000405041.2
Q01860	ENSP00000412665.2
Q01860	ENSP00000388842.2
Q01860	ENSP00000391681.2
Q01860	ENSP00000391507.2
Q01860	ENSP00000400047.2
O60765	ENSP00000337122.2
P41235	ENSP00000312987.3
P41235	ENSP00000315180.4
P41235	ENSP00000412111.1
P41235	ENSP00000410911.2
P41235	ENSP00000396216.1
P41235	ENSP00000476609.1
P19532	ENSP00000314129.7
P19532	ENSP00000476976.1
P19532	ENSP00000518054.1
P19532	ENSP00000518055.1
P35680	ENSP00000484591.1
P35680	ENSP00000480291.1
P35680	ENSP00000482711.1
P35680	ENSP00000488080.1
Q00653	ENSP00000189444.6
Q00653	ENSP00000358983.3
Q00653	ENSP00000410256.1
Q00653	ENSP00000498308.1
Q00653	ENSP00000499294.1
O15350	ENSP00000346423.4
O15350	ENSP00000367534.1
O15350	ENSP00000367537.4
O15350	ENSP00000367539.4
O15350	ENSP00000367545.4
O15350	ENSP00000474626.1
O15350	ENSP00000475143.1
O15350	ENSP00000474322.1
O15350	ENSP00000518863.1
O15350	ENSP00000518864.1
P17022	ENSP00000315664.3
P17022	ENSP00000391376.3
P17022	ENSP00000463471.1
P17022	ENSP00000462296.3
Q96PQ6	ENSP00000247956.5
Q96PQ6	ENSP00000353554.2
P35711	ENSP00000379328.2
P35711	ENSP00000398273.2
P35711	ENSP00000443520.1
P35711	ENSP00000493866.1
Q9UBR4	ENSP00000360811.3
Q9UBR4	ENSP00000360813.4
Q01201	ENSP00000221452.7
P47902	ENSP00000231656.7
A0PJY2	ENSP00000392727.2
A0PJY2	ENSP00000411145.2
P51449	ENSP00000327025.6
P51449	ENSP00000349164.6
Q14934	ENSP00000250373.4
Q14934	ENSP00000388910.2
Q14934	ENSP00000396788.3
Q14934	ENSP00000388668.2
Q14934	ENSP00000439350.2
Q14934	ENSP00000451502.1
Q14934	ENSP00000450590.1
Q14934	ENSP00000452349.1
Q14934	ENSP00000451151.1
Q14934	ENSP00000450469.1
Q14934	ENSP00000450810.1
Q14934	ENSP00000452039.1
Q14934	ENSP00000450733.1
Q14934	ENSP00000450644.1
Q14934	ENSP00000451395.1
Q14934	ENSP00000451801.1
Q14934	ENSP00000450686.1
Q14934	ENSP00000451224.1
Q14934	ENSP00000451590.1
Q14934	ENSP00000451454.1
Q14934	ENSP00000452270.1
Q14934	ENSP00000451183.1
Q14934	ENSP00000451284.1
Q14934	ENSP00000451496.1
Q14934	ENSP00000495011.1
Q14934	ENSP00000494405.1
Q14934	ENSP00000495052.1
Q14934	ENSP00000493808.1
Q14934	ENSP00000495758.1
Q14934	ENSP00000494577.1
Q14934	ENSP00000493557.1
Q14934	ENSP00000493733.1
Q14934	ENSP00000494705.1
Q14934	ENSP00000496192.1
Q14934	ENSP00000495766.1
Q14934	ENSP00000493885.1
Q14934	ENSP00000496733.1
Q14934	ENSP00000495684.1
Q14934	ENSP00000493851.1
Q14934	ENSP00000493943.1
Q14934	ENSP00000495213.1
Q14934	ENSP00000495926.1
Q14934	ENSP00000494993.1
Q14934	ENSP00000496579.1
Q14934	ENSP00000496777.1
Q14934	ENSP00000496108.1
Q14934	ENSP00000496558.1
Q14934	ENSP00000493614.1
Q6P9A3	ENSP00000240719.2
Q6P9A3	ENSP00000365407.2
O60479	ENSP00000389870.2
Q03933	ENSP00000357440.4
Q03933	ENSP00000400380.1
O43474	ENSP00000363804.4
Q9UBX2	ENSP00000458065.1
Q9UBX2	ENSP00000456539.1
Q9UBX2	ENSP00000455112.1
Q9UBX2	ENSP00000483555.1
Q9UBX2	ENSP00000489958.1
Q9UBX2	ENSP00000518267.1
Q9UBX2	ENSP00000518268.1
Q01196	ENSP00000300305.3
Q01196	ENSP00000340690.4
Q01196	ENSP00000351123.5
Q01196	ENSP00000501943.1
O60481	ENSP00000287538.5
O60481	ENSP00000359638.3
P17542	ENSP00000294339.3
P17542	ENSP00000360951.1
P17542	ENSP00000510655.1
Q5HYK9	ENSP00000292069.5
Q5HYK9	ENSP00000439402.1
Q07869	ENSP00000385246.1
Q07869	ENSP00000385523.1
P09086	ENSP00000373992.3
P09086	ENSP00000431603.3
P09086	ENSP00000437224.1
P09086	ENSP00000436988.1
P40763	ENSP00000264657.4
P40763	ENSP00000384943.3
P40763	ENSP00000467000.1
P40763	ENSP00000467985.1
P40763	ENSP00000503662.1
P40763	ENSP00000503574.1
P40763	ENSP00000503102.1
P40763	ENSP00000503634.1
P40763	ENSP00000504184.1
P40763	ENSP00000503181.1
P40763	ENSP00000503237.1
P40763	ENSP00000520412.1
O43524	ENSP00000339527.6
O43524	ENSP00000385824.1
O43524	ENSP00000446316.1
Q9UPW0	ENSP00000354620.1
Q9UPW0	ENSP00000354449.1
Q9UPW0	ENSP00000361653.1
Q9UPW0	ENSP00000361654.1
Q9UPW0	ENSP00000439044.1
P52630	ENSP00000315768.4
P52630	ENSP00000450751.1
P52630	ENSP00000513599.1
P15173	ENSP00000241651.4
Q7Z7K2	ENSP00000304769.3
Q9UJQ4	ENSP00000217086.4
Q9UJQ4	ENSP00000379319.3
P10589	ENSP00000325819.3
P50553	ENSP00000266744.3
Q01094	ENSP00000345571.5
Q15329	ENSP00000398124.2
Q15329	ENSP00000414312.2
Q15329	ENSP00000429120.1
Q9H165	ENSP00000338774.7
Q9H165	ENSP00000349300.4
Q9H165	ENSP00000352648.5
Q9H165	ENSP00000487844.1
Q9H165	ENSP00000496168.1
Q04206	ENSP00000311508.9
Q04206	ENSP00000384273.3
Q96RI1	ENSP00000188403.7
Q96RI1	ENSP00000376712.3
Q96RI1	ENSP00000448506.1
Q96RI1	ENSP00000448978.1
Q96RI1	ENSP00000447149.1
Q96RI1	ENSP00000496908.1
P03372	ENSP00000206249.3
P03372	ENSP00000342630.5
P03372	ENSP00000394721.2
P03372	ENSP00000405330.1
P03372	ENSP00000387500.1
Q02447	ENSP00000310301.6
Q02447	ENSP00000406140.3
Q9Y2X9	ENSP00000294740.2
Q9Y2X9	ENSP00000356321.3
Q9Y2X9	ENSP00000356322.1
P43699	ENSP00000346879.6
P43699	ENSP00000429607.2
P43699	ENSP00000428341.1
P43699	ENSP00000429519.4
P52741	ENSP00000379464.4
Q9BYN7	ENSP00000344308.2
Q9BYN7	ENSP00000364346.1
O15409	ENSP00000265436.7
O15409	ENSP00000353367.4
O15409	ENSP00000367482.3
O15409	ENSP00000377129.4
O15409	ENSP00000377132.2
O15409	ENSP00000385069.4
O15409	ENSP00000386200.3
O15409	ENSP00000405470.1
O15409	ENSP00000416825.1
O15409	ENSP00000489457.1
O15409	ENSP00000515397.1
O15409	ENSP00000515398.1
P31271	ENSP00000497112.1
P10827	ENSP00000264637.4
P10827	ENSP00000377679.4
P10827	ENSP00000395641.3
P10827	ENSP00000443972.1
P10827	ENSP00000463466.1
Q8TA94	ENSP00000293725.5
P11473	ENSP00000378734.2
P11473	ENSP00000449573.2
P11473	ENSP00000447173.1
Q01543	ENSP00000281428.8
Q01543	ENSP00000339627.7
Q01543	ENSP00000433488.2
Q01543	ENSP00000432950.1
Q92731	ENSP00000267525.6
Q92731	ENSP00000343925.4
Q92731	ENSP00000345616.6
Q92731	ENSP00000335551.4
Q92731	ENSP00000351412.5
Q92731	ENSP00000452426.1
Q92731	ENSP00000450699.1
Q92731	ENSP00000450488.1
Q92731	ENSP00000451582.1
Q15561	ENSP00000351184.3
Q15561	ENSP00000352926.3
Q15561	ENSP00000380311.2
P15336	ENSP00000264110.2
P15336	ENSP00000340576.5
P15336	ENSP00000376327.1
P15336	ENSP00000386282.1
P15336	ENSP00000387093.1
P15336	ENSP00000386526.1
P15336	ENSP00000407911.3
O00321	ENSP00000368312.2
O00321	ENSP00000384524.2
O00321	ENSP00000385369.1
P37231	ENSP00000287820.6
Q0VGE8	ENSP00000350295.4
Q0VGE8	ENSP00000403266.2
Q13562	ENSP00000295108.3
Q13562	ENSP00000506907.1
Q13562	ENSP00000507492.1
A2RRD8	ENSP00000375660.2
A2RRD8	ENSP00000473091.1
A2RRD8	ENSP00000506814.1
Q3MIS6	ENSP00000353652.3
Q86UD4	ENSP00000350773.4
Q86UD4	ENSP00000439527.1
Q86UD4	ENSP00000470323.1
Q86UD4	ENSP00000470008.1
P61244	ENSP00000246163.2
P61244	ENSP00000284165.6
P61244	ENSP00000342482.2
P61244	ENSP00000351175.4
P61244	ENSP00000351490.4
P61244	ENSP00000378104.2
P61244	ENSP00000451907.1
P61244	ENSP00000452378.1
Q13285	ENSP00000362690.4
Q9GZX5	ENSP00000243644.3
Q9ULM2	ENSP00000311521.6
O00327	ENSP00000374357.4
O00327	ENSP00000385915.2
O00327	ENSP00000384517.1
O00327	ENSP00000385897.3
O00327	ENSP00000385581.4
O00327	ENSP00000433571.2
P36402	ENSP00000340347.5
P36402	ENSP00000367822.4
P36402	ENSP00000378469.1
P36402	ENSP00000430179.1
P36402	ENSP00000429547.1
P49711	ENSP00000264010.4
P49711	ENSP00000384707.1
P49711	ENSP00000494408.1
P49711	ENSP00000493495.1
P49711	ENSP00000495348.1
P49711	ENSP00000494538.1
P28698	ENSP00000215057.1
P28698	ENSP00000469378.1
P28698	ENSP00000469493.1
Q13422	ENSP00000331614.3
Q13422	ENSP00000352123.5
Q13422	ENSP00000396554.1
Q13422	ENSP00000413025.1
Q13422	ENSP00000513806.1
P98177	ENSP00000342209.3
P98177	ENSP00000363377.3
Q9Y5Q3	ENSP00000362410.2
P15036	ENSP00000353344.3
P15036	ENSP00000354194.3
P15036	ENSP00000499315.1
P15036	ENSP00000499226.1
P15036	ENSP00000499775.1
P18847	ENSP00000336908.4
P18847	ENSP00000344352.4
P18847	ENSP00000355950.1
P18847	ENSP00000355954.2
P18847	ENSP00000432208.1
P18847	ENSP00000480606.1
Q15672	ENSP00000242261.5
Q92754	ENSP00000201031.2
P13056	ENSP00000328843.7
P13056	ENSP00000333275.4
P13056	ENSP00000376813.3
P15884	ENSP00000346440.3
P15884	ENSP00000348374.4
P15884	ENSP00000409447.2
P15884	ENSP00000440731.1
P15884	ENSP00000439827.2
P15884	ENSP00000445202.1
P15884	ENSP00000439656.1
P15884	ENSP00000441562.2
P15884	ENSP00000457765.1
P15884	ENSP00000455179.1
P15884	ENSP00000455261.1
P15884	ENSP00000457649.1
P15884	ENSP00000455984.2
P15884	ENSP00000456125.1
P15884	ENSP00000455418.2
P15884	ENSP00000454366.1
P15884	ENSP00000455135.1
P15884	ENSP00000454647.1
P15884	ENSP00000455763.1
P15884	ENSP00000478549.1
P15884	ENSP00000486072.1
P15884	ENSP00000486670.1
P15884	ENSP00000490006.1
P19419	ENSP00000247161.3
P19419	ENSP00000345585.4
P19419	ENSP00000366182.3
Q15915	ENSP00000282928.4
P10828	ENSP00000280696.5
P10828	ENSP00000348827.4
P10828	ENSP00000379904.2
P10828	ENSP00000414444.1
P10828	ENSP00000494618.1
P10828	ENSP00000496029.1
P10828	ENSP00000496616.1
P10828	ENSP00000493709.1
P10828	ENSP00000496686.2
P10828	ENSP00000496509.1
Q08050	ENSP00000342307.2
Q08050	ENSP00000352901.4
Q08050	ENSP00000354492.3
Q01664	ENSP00000204517.6
P40426	ENSP00000341990.5
P40426	ENSP00000362588.5
P40426	ENSP00000387456.2
P16220	ENSP00000236995.3
P16220	ENSP00000405539.1
P16220	ENSP00000387699.2
P36956	ENSP00000261646.5
P36956	ENSP00000348069.4
P36956	ENSP00000379106.2
P20265	ENSP00000329170.5
Q96AV8	ENSP00000323246.7
Q96AV8	ENSP00000393639.2
Q14209	ENSP00000355249.2
Q14209	ENSP00000489612.1
Q01892	ENSP00000270632.7
Q01892	ENSP00000391877.2
Q01892	ENSP00000471921.1
Q6P9G9	ENSP00000339585.4
Q6P9G9	ENSP00000359797.3
O95365	ENSP00000323670.3
O95365	ENSP00000471865.1
P49116	ENSP00000320447.6
P49116	ENSP00000376814.3
P49116	ENSP00000384463.2
P49116	ENSP00000388387.1
P49116	ENSP00000483059.1
P04198	ENSP00000281043.3
P11474	ENSP00000000442.6
P11474	ENSP00000384851.1
P11474	ENSP00000503245.1
O75626	ENSP00000358085.3
O75626	ENSP00000358087.2
O75626	ENSP00000358092.4
O75626	ENSP00000498716.1
O75626	ENSP00000498580.1
Q14994	ENSP00000356958.2
Q14994	ENSP00000356959.2
Q14994	ENSP00000356960.3
Q14994	ENSP00000356961.4
Q14994	ENSP00000356962.5
Q14994	ENSP00000356963.4
Q14994	ENSP00000356965.3
Q14994	ENSP00000399361.2
Q14994	ENSP00000412672.2
Q14994	ENSP00000407446.2
Q14994	ENSP00000406493.2
Q14994	ENSP00000424345.1
Q14994	ENSP00000424934.1
Q14994	ENSP00000423666.1
Q14994	ENSP00000427175.1
Q14994	ENSP00000425417.1
Q9P0K8	ENSP00000162391.3
Q9P0K8	ENSP00000403411.2
P11308	ENSP00000288319.7
P11308	ENSP00000381871.1
P11308	ENSP00000381882.1
P11308	ENSP00000381891.2
P11308	ENSP00000414150.2
P11308	ENSP00000394694.1
Q13469	ENSP00000360619.3
Q13469	ENSP00000379330.3
Q13469	ENSP00000396471.1
Q13469	ENSP00000477342.1
Q13469	ENSP00000477370.1
Q13469	ENSP00000477142.1
P62508	ENSP00000352077.2
P62508	ENSP00000353108.3
P62508	ENSP00000354584.2
P62508	ENSP00000355225.3
P62508	ENSP00000355904.1
P62508	ENSP00000355905.2
P62508	ENSP00000355907.2
P62508	ENSP00000375761.4
P62508	ENSP00000386171.3
P62508	ENSP00000418629.1
P62508	ENSP00000419155.1
P62508	ENSP00000419594.1
P62508	ENSP00000417374.1
P62508	ENSP00000481528.1
P62508	ENSP00000500992.1
P19544	ENSP00000368370.2
P19544	ENSP00000415516.5
P19544	ENSP00000435307.1
P19544	ENSP00000492269.3
O60393	ENSP00000419457.1
O60393	ENSP00000419565.1
P18846	ENSP00000262053.3
Q9C0F3	ENSP00000313582.4
Q9C0F3	ENSP00000363736.3
Q9C0F3	ENSP00000489127.1
Q9C0F3	ENSP00000489469.1
P43694	ENSP00000334458.4
P43694	ENSP00000435712.1
P43694	ENSP00000482268.2
P43694	ENSP00000493647.1
P43694	ENSP00000495511.1
Q6U7Q0	ENSP00000418897.1
Q6U7Q0	ENSP00000478899.1
Q6U7Q0	ENSP00000419728.1
Q6U7Q0	ENSP00000483223.1
Q6U7Q0	ENSP00000482607.1
P42229	ENSP00000341208.4
P42229	ENSP00000443107.1
P42229	ENSP00000468749.1
P42229	ENSP00000504449.1
P42229	ENSP00000503262.1
Q16254	ENSP00000368686.3
Q9NVV9	ENSP00000254250.3
Q9NVV9	ENSP00000344966.2
P32243	ENSP00000343819.5
P32243	ENSP00000386185.3
P32243	ENSP00000451357.2
P32243	ENSP00000452336.1
P32243	ENSP00000451272.2
P32243	ENSP00000500115.1
P32243	ENSP00000500061.1
P32243	ENSP00000500595.1
P32243	ENSP00000508798.1
P40425	ENSP00000364190.3
P40425	ENSP00000372757.4
P40425	ENSP00000410710.2
P40425	ENSP00000390009.2
P40425	ENSP00000391745.2
P40425	ENSP00000403948.2
P40425	ENSP00000397177.2
O75469	ENSP00000336528.4
O75469	ENSP00000377319.3
O75469	ENSP00000420297.2
Q92858	ENSP00000302216.4
Q02080	ENSP00000402154.2
Q02080	ENSP00000390762.2
P18850	ENSP00000356919.3
P18850	ENSP00000505025.1
P18850	ENSP00000505998.1
O60675	ENSP00000344903.4
O60675	ENSP00000386009.1
O60675	ENSP00000385437.2
P51814	ENSP00000315173.7
P51814	ENSP00000366265.4
P51814	ENSP00000508254.1
Q8TF45	ENSP00000379451.1
Q8TF45	ENSP00000471652.1
Q8TF45	ENSP00000483763.1
Q8N2R0	ENSP00000297565.4
Q8N2R0	ENSP00000402862.2
Q8N2R0	ENSP00000414657.2
Q8N2R0	ENSP00000430780.1
P08047	ENSP00000329357.4
P08047	ENSP00000404263.2
P56693	ENSP00000354130.2
P56693	ENSP00000380093.2
Q96LW9	ENSP00000345339.6
Q96LW9	ENSP00000380050.2
Q96LW9	ENSP00000390076.1
Q96LW9	ENSP00000413705.1
Q96LW9	ENSP00000402937.1
Q96LW9	ENSP00000480254.1
Q6ISB3	ENSP00000379260.1
Q6ISB3	ENSP00000495564.1
Q9HCS4	ENSP00000282111.3
Q9HCS4	ENSP00000517899.1
Q02548	ENSP00000350844.4
Q02548	ENSP00000367071.2
Q02548	ENSP00000367078.2
Q02548	ENSP00000367083.2
Q02548	ENSP00000367084.2
Q02548	ENSP00000412188.1
Q02548	ENSP00000404687.1
Q02548	ENSP00000430773.1
Q02548	ENSP00000431038.1
P19484	ENSP00000230323.4
P19484	ENSP00000343948.7
P19484	ENSP00000362124.1
P19484	ENSP00000384203.4
P19484	ENSP00000383998.3
P19484	ENSP00000406491.2
P19484	ENSP00000410391.2
P19484	ENSP00000400276.2
P19484	ENSP00000412551.2
P19484	ENSP00000396168.2
P19484	ENSP00000393874.2
P19484	ENSP00000502927.1
P19484	ENSP00000503069.1
P50458	ENSP00000362717.4
Q03052	ENSP00000362103.2
P23771	ENSP00000341619.3
P23771	ENSP00000368632.3
Q5VTD9	ENSP00000344782.3
Q5VTD9	ENSP00000361195.1
Q5VTD9	ENSP00000361196.1
Q03112	ENSP00000264674.3
Q03112	ENSP00000419770.1
Q03112	ENSP00000419995.1
Q03112	ENSP00000417899.1
Q03112	ENSP00000486104.1
Q03112	ENSP00000498411.1
Q14119	ENSP00000462337.1
P55347	ENSP00000291547.4
Q92985	ENSP00000329411.5
Q92985	ENSP00000331803.9
Q92985	ENSP00000380697.1
Q92985	ENSP00000434607.1
Q92985	ENSP00000434009.2
Q92985	ENSP00000433903.1
Q92985	ENSP00000479615.1
Q92985	ENSP00000480358.1
Q92985	ENSP00000488039.1
Q92985	ENSP00000488591.1
Q92985	ENSP00000488666.1
Q92985	ENSP00000488581.1
P19838	ENSP00000226574.4
P19838	ENSP00000378297.4
P19838	ENSP00000424790.1
P19838	ENSP00000423877.2
P52747	ENSP00000379843.3
P52747	ENSP00000379847.2
P52747	ENSP00000379849.1
P52747	ENSP00000432154.1
Q15475	ENSP00000494686.1
P26367	ENSP00000241001.8
P26367	ENSP00000368401.2
P26367	ENSP00000368403.2
P26367	ENSP00000368424.2
P26367	ENSP00000368427.2
P26367	ENSP00000404100.1
P26367	ENSP00000480026.1
P26367	ENSP00000492315.2
P26367	ENSP00000492476.1
P26367	ENSP00000490963.1
P26367	ENSP00000492822.1
P26367	ENSP00000492024.1
P26367	ENSP00000491295.1
P26367	ENSP00000491872.1
P26367	ENSP00000495109.1
O15525	ENSP00000350369.4
O15525	ENSP00000376173.3
Q96PE6	ENSP00000269834.1
P53539	ENSP00000245919.3
P53539	ENSP00000407207.1
P53539	ENSP00000414177.1
P53539	ENSP00000467497.1
P53539	ENSP00000468207.1
P53539	ENSP00000466530.1
P53539	ENSP00000465552.1
Q06945	ENSP00000244745.1
Q8NHY6	ENSP00000301318.3
Q8NHY6	ENSP00000468603.1
P11161	ENSP00000242480.3
P11161	ENSP00000387634.1
P11161	ENSP00000490154.2
P20393	ENSP00000246672.3
P10074	ENSP00000366902.4
P10073	ENSP00000332433.3
P78426	ENSP00000295886.3
P17947	ENSP00000227163.4
P17947	ENSP00000367799.4
O95644	ENSP00000253506.5
O95644	ENSP00000316553.5
O95644	ENSP00000327850.3
O95644	ENSP00000380892.2
O95644	ENSP00000389377.2
O95644	ENSP00000442435.1
O95644	ENSP00000466489.1
O95644	ENSP00000466194.1
O95644	ENSP00000467181.1
P17481	ENSP00000239144.4
P17010	ENSP00000304985.5
P17010	ENSP00000368475.1
P17010	ENSP00000368486.4
P17010	ENSP00000438233.1
P28370	ENSP00000360163.4
Q86TJ5	ENSP00000321132.4
Q9H334	ENSP00000318721.3
Q9H334	ENSP00000318902.5
Q9H334	ENSP00000417857.1
Q9H334	ENSP00000418524.1
Q9H334	ENSP00000418102.1
Q9H334	ENSP00000497344.1
Q9H334	ENSP00000498110.1
Q9H334	ENSP00000497430.2
Q9H334	ENSP00000496810.1
Q9H334	ENSP00000497369.1
Q9H334	ENSP00000496990.1
Q9H334	ENSP00000497454.2
Q9Y4X4	ENSP00000366897.2
Q9Y4X4	ENSP00000515592.1
O15119	ENSP00000257566.3
O15119	ENSP00000257567.2
P40424	ENSP00000356872.1
P40424	ENSP00000405890.2
P40424	ENSP00000485692.1
P40424	ENSP00000514643.1
Q02446	ENSP00000222584.3
P27540	ENSP00000346372.2
P27540	ENSP00000351407.5
P27540	ENSP00000427571.1
P27540	ENSP00000423851.1
O14503	ENSP00000256495.3
Q15723	ENSP00000351458.2
Q15723	ENSP00000368867.2
Q15723	ENSP00000368868.1
Q15723	ENSP00000377782.1
Q15723	ENSP00000426997.1
Q15723	ENSP00000510098.1
Q12948	ENSP00000493906.1
O43296	ENSP00000263095.5
P17098	ENSP00000477716.1
Q13761	ENSP00000308051.6
Q13761	ENSP00000343477.3
Q13761	ENSP00000382800.1
P51692	ENSP00000293328.3
P51692	ENSP00000398379.2
P51692	ENSP00000513923.1
P51692	ENSP00000513924.1
P15976	ENSP00000365858.3
P15976	ENSP00000498550.1
P10071	ENSP00000379258.3
P10071	ENSP00000503743.1
P10071	ENSP00000502957.1
O43186	ENSP00000221996.5
Q13516	ENSP00000331040.3
Q13516	ENSP00000371794.3
P48436	ENSP00000245479.2
Q15699	ENSP00000315417.3
Q15406	ENSP00000341135.4
Q15406	ENSP00000362686.3
Q15406	ENSP00000413701.2
Q15406	ENSP00000420267.1
O00716	ENSP00000262904.4
O00716	ENSP00000443418.1
P17029	ENSP00000323148.6
Q8IVP9	ENSP00000282282.3
Q9H4Z2	ENSP00000325326.2
Q13105	ENSP00000364885.2
Q13105	ENSP00000364895.4
Q13105	ENSP00000438529.1
Q14872	ENSP00000362127.3
P41161	ENSP00000306894.5
P41161	ENSP00000413755.1
Q96MM3	ENSP00000317686.4
Q96MM3	ENSP00000424662.1
Q96MM3	ENSP00000483363.1
P10242	ENSP00000339992.5
P10242	ENSP00000356786.2
P10242	ENSP00000356788.4
P10242	ENSP00000410825.2
P10242	ENSP00000435938.1
P10242	ENSP00000437081.1
P10242	ENSP00000435578.1
P10242	ENSP00000434723.1
P10242	ENSP00000437264.1
P10242	ENSP00000432811.1
P10242	ENSP00000436605.1
P10242	ENSP00000435293.1
P10242	ENSP00000434639.1
P10242	ENSP00000435055.1
P10242	ENSP00000432851.1
Q9UKW6	ENSP00000257832.3
Q9UKW6	ENSP00000311010.2
Q9UKW6	ENSP00000407589.2
Q9UKW6	ENSP00000436386.1
Q96SR6	ENSP00000292928.2
Q96SR6	ENSP00000410113.1
Q96SR6	ENSP00000407593.1
Q9UL17	ENSP00000177694.1
Q99814	ENSP00000263734.3
P42224	ENSP00000354394.4
P42224	ENSP00000376136.3
P42224	ENSP00000376137.3
P42224	ENSP00000386244.1
P42224	ENSP00000388240.2
P42224	ENSP00000438703.2
P42224	ENSP00000501225.1
P42224	ENSP00000501164.1
P42224	ENSP00000513582.1
P49715	ENSP00000427514.1
P22670	ENSP00000254325.3
P22670	ENSP00000500760.1
P14859	ENSP00000356836.5
P14859	ENSP00000356840.2
P14859	ENSP00000401217.2
P14859	ENSP00000441285.2
P48382	ENSP00000290524.4
P48382	ENSP00000357864.2
P48382	ENSP00000389130.2
P78367	ENSP00000371875.5
Q9NPC8	ENSP00000304502.6
P15923	ENSP00000262965.5
P15923	ENSP00000378813.3
P15923	ENSP00000468487.1
Q99811	ENSP00000361547.4
P10914	ENSP00000245414.4
P10914	ENSP00000384406.1
Q06546	ENSP00000346886.3
Q06546	ENSP00000382948.3
O95718	ENSP00000370270.2
O95718	ENSP00000423004.1
O95718	ENSP00000422488.1
P84022	ENSP00000332973.4
P84022	ENSP00000401133.3
P84022	ENSP00000445348.2
P84022	ENSP00000437757.2
P84022	ENSP00000454165.2
P84022	ENSP00000453684.2
P84022	ENSP00000452767.2
P84022	ENSP00000453082.2
P84022	ENSP00000505445.1
P84022	ENSP00000505641.1
P15407	ENSP00000310170.2
P15407	ENSP00000393302.2
Q96GC6	ENSP00000321187.5
Q96GC6	ENSP00000409872.3
Q96GC6	ENSP00000478533.1
Q96GC6	ENSP00000484810.1
Q9ULX9	ENSP00000345393.2
Q9ULX9	ENSP00000384094.1
Q9ULX9	ENSP00000388882.2
Q9ULX9	ENSP00000442060.1
Q9ULX9	ENSP00000441482.1
Q6IQ21	ENSP00000348673.4
Q99612	ENSP00000419079.1
Q99612	ENSP00000419923.1
Q99612	ENSP00000445301.1
P20823	ENSP00000257555.5
P20823	ENSP00000443964.1
P20823	ENSP00000445445.1
P20823	ENSP00000443112.1
P20823	ENSP00000440361.1
Q9Y5X4	ENSP00000482504.1
Q9Y5X4	ENSP00000479962.1
P39880	ENSP00000292535.7
P39880	ENSP00000353401.3
P39880	ENSP00000409745.2
P39880	ENSP00000450125.3
P39880	ENSP00000446630.2
P39880	ENSP00000447373.2
P39880	ENSP00000451558.1
P17535	ENSP00000252818.3
P17275	ENSP00000303315.4
P25208	ENSP00000240055.3
P25208	ENSP00000447486.1
P55318	ENSP00000304004.1
P78545	ENSP00000352673.3
P78545	ENSP00000356252.3
P78545	ENSP00000356253.5
P48431	ENSP00000323588.1
Q9NXT0	ENSP00000375583.3
Q9NXT0	ENSP00000379454.3
Q9NXT0	ENSP00000379458.1
P52737	ENSP00000344162.4
Q12951	ENSP00000304286.5
Q12951	ENSP00000415483.2
P51608	ENSP00000301948.6
P51608	ENSP00000395535.2
P51608	ENSP00000486089.2
O14867	ENSP00000286800.3
O14867	ENSP00000382805.1
Q16534	ENSP00000226067.5
Q16534	ENSP00000402496.2
Q16534	ENSP00000460296.1
Q16534	ENSP00000460572.1
P43354	ENSP00000344479.4
P43354	ENSP00000386747.1
P43354	ENSP00000389986.1
Q9NQX0	ENSP00000384725.3
Q02078	ENSP00000346389.5
Q02078	ENSP00000399460.2
Q02078	ENSP00000453441.1
Q02078	ENSP00000453095.1
Q02078	ENSP00000454120.1
Q02078	ENSP00000509137.1
Q02078	ENSP00000509537.1
P48443	ENSP00000352900.5
Q9H9S0	ENSP00000229307.4
Q9H9S0	ENSP00000435288.1
Q16656	ENSP00000223190.4
Q16656	ENSP00000309826.2
Q16656	ENSP00000342351.5
Q16656	ENSP00000376922.2
Q16656	ENSP00000376924.1
Q15583	ENSP00000327959.6
Q15583	ENSP00000339631.6
Q15583	ENSP00000343969.5
Q15583	ENSP00000383031.2
Q15583	ENSP00000385206.1
Q15583	ENSP00000384970.2
Q15583	ENSP00000384133.2
Q15583	ENSP00000449501.1
Q15583	ENSP00000447747.2
Q15583	ENSP00000450025.1
Q15583	ENSP00000483499.1
Q12857	ENSP00000360229.3
Q12857	ENSP00000360231.3
Q12857	ENSP00000384523.3
Q12857	ENSP00000384680.2
P14316	ENSP00000377218.3
P14316	ENSP00000512878.1
P14316	ENSP00000424552.2
P14316	ENSP00000512918.1
P14316	ENSP00000512954.1
P14316	ENSP00000512920.1
P14316	ENSP00000512922.1
P14316	ENSP00000512923.1
P14316	ENSP00000512924.1
P14316	ENSP00000512925.1
P14316	ENSP00000512927.1
P14316	ENSP00000512929.1
P48380	ENSP00000303847.2
P48380	ENSP00000351574.2
P48380	ENSP00000371434.3
P48380	ENSP00000482598.1
Q92826	ENSP00000290295.8
Q15796	ENSP00000262160.6
Q15796	ENSP00000349282.4
Q15796	ENSP00000384449.1
Q15796	ENSP00000466193.1
Q12772	ENSP00000354476.4
P35869	ENSP00000242057.4
P35869	ENSP00000436466.1
O95863	ENSP00000244050.2
Q86T24	ENSP00000314153.2
Q86T24	ENSP00000450969.1
P04637	ENSP00000269305.4
P04637	ENSP00000391127.2
P04637	ENSP00000391478.2
P04637	ENSP00000398846.2
P04637	ENSP00000426252.2
P04637	ENSP00000484409.1
P04637	ENSP00000481179.1
P04637	ENSP00000424104.2
P04637	ENSP00000425104.2
P04637	ENSP00000478499.1
P04637	ENSP00000478219.1
P04637	ENSP00000480868.1
P04637	ENSP00000482537.1
P04637	ENSP00000481638.1
P04637	ENSP00000482222.1
P04637	ENSP00000519624.1
P04637	ENSP00000519626.1
O95600	ENSP00000364063.3
O95600	ENSP00000417303.1
O95600	ENSP00000492126.1
O14978	ENSP00000219069.5
P15622	ENSP00000292579.7
P15622	ENSP00000393442.2
P21675	ENSP00000362895.5
P21675	ENSP00000406549.2
P21675	ENSP00000520427.1
Q13133	ENSP00000378793.3
Q13133	ENSP00000384745.3
Q13133	ENSP00000385801.1
Q13133	ENSP00000387946.2
Q13133	ENSP00000420656.1
Q00613	ENSP00000431512.1
Q00613	ENSP00000493830.1
O14753	ENSP00000337862.3
Q01101	ENSP00000312631.1
P28324	ENSP00000289703.4
P28324	ENSP00000350681.4
P28324	ENSP00000483628.1
P28347	ENSP00000334754.6
P28347	ENSP00000435233.2
Q02086	ENSP00000365931.4
O75444	ENSP00000327048.4
O75444	ENSP00000377019.1
P25490	ENSP00000262238.4
P53567	ENSP00000284000.2
P53567	ENSP00000466022.2
P53567	ENSP00000499062.1
P50539	ENSP00000239007.7
P50539	ENSP00000331152.5
P50539	ENSP00000354606.4
P50539	ENSP00000358625.1
P50539	ENSP00000498900.1
P50539	ENSP00000499158.1
P50539	ENSP00000498390.1
P50539	ENSP00000498547.1
P50539	ENSP00000499209.1
P50539	ENSP00000499161.1
P50539	ENSP00000498396.1
P50539	ENSP00000498764.1
P50539	ENSP00000499128.1
P50539	ENSP00000498536.1
P50539	ENSP00000498873.1
P50539	ENSP00000498554.1
P50539	ENSP00000498472.1
P50539	ENSP00000498238.1
P50539	ENSP00000498306.1
P50539	ENSP00000498928.1
P50539	ENSP00000499087.1
P50539	ENSP00000498573.1
P50539	ENSP00000498971.1
Q9UL59	ENSP00000278314.4
Q9UL59	ENSP00000445373.1
P10276	ENSP00000254066.5
P10276	ENSP00000377643.3
P10276	ENSP00000377649.2
P10276	ENSP00000389993.3
P15408	ENSP00000264716.4
P15408	ENSP00000368939.1
Q14541	ENSP00000346339.1
Q14541	ENSP00000501146.1
P01106	ENSP00000367207.3
P01106	ENSP00000430235.2
P01106	ENSP00000478887.2
P01106	ENSP00000499105.1
P01106	ENSP00000516742.1
P01106	ENSP00000516743.1
P01106	ENSP00000516744.1
P01106	ENSP00000516745.1
Q8N141	ENSP00000431265.1
P52952	ENSP00000327758.4
P52952	ENSP00000395378.2
P52952	ENSP00000427906.1
P32519	ENSP00000239882.3
P32519	ENSP00000486912.1
Q99581	ENSP00000295727.1
P17676	ENSP00000305422.3
Q16665	ENSP00000323326.6
Q16665	ENSP00000338018.4
Q16665	ENSP00000437955.1
P17019	ENSP00000349401.2
P12980	ENSP00000264824.3
Q9NQB0	ENSP00000344823.5
Q9NQB0	ENSP00000347949.4
Q9NQB0	ENSP00000348274.4
Q9NQB0	ENSP00000358404.4
Q9NQB0	ENSP00000446172.1
Q9NQB0	ENSP00000486891.1
Q9GZV8	ENSP00000276594.2
P01100	ENSP00000306245.4
P01100	ENSP00000442268.1
P01100	ENSP00000452590.1
Q8TF68	ENSP00000321650.4
Q8TF68	ENSP00000348018.4
Q8TF68	ENSP00000354592.3
Q8TF68	ENSP00000380019.3
P37275	ENSP00000319248.9
P37275	ENSP00000415961.2
P37275	ENSP00000391612.2
P37275	ENSP00000444891.2
P37275	ENSP00000452787.1
Q06413	ENSP00000340874.5
Q06413	ENSP00000389610.2
Q06413	ENSP00000396219.2
Q06413	ENSP00000421925.5
Q06413	ENSP00000423597.2
Q06413	ENSP00000424606.1
Q06413	ENSP00000426665.2
Q06413	ENSP00000487430.1
Q06413	ENSP00000487311.1
Q06413	ENSP00000486554.1
Q06413	ENSP00000490473.1
Q06413	ENSP00000490630.1
Q06413	ENSP00000490241.1
Q9BQA5	ENSP00000318085.3
Q9BQA5	ENSP00000436815.1
P18848	ENSP00000336790.2
P18848	ENSP00000379912.1
P18848	ENSP00000384587.2
P18848	ENSP00000501783.2
P18848	ENSP00000502610.2
P18848	ENSP00000501863.1
P18848	ENSP00000502400.2
P18848	ENSP00000505360.1
Q16621	ENSP00000312436.4
Q16621	ENSP00000397185.2
Q16621	ENSP00000439120.2
Q16621	ENSP00000447558.1
P48378	ENSP00000306335.4
P48378	ENSP00000352076.3
P48378	ENSP00000467166.1
Q03060	ENSP00000337138.4
Q03060	ENSP00000341875.3
Q03060	ENSP00000265372.5
Q03060	ENSP00000345384.2
Q03060	ENSP00000346804.3
Q03060	ENSP00000349387.5
Q03060	ENSP00000354593.4
Q03060	ENSP00000363858.3
Q03060	ENSP00000363866.3
Q03060	ENSP00000379225.3
Q03060	ENSP00000393538.2
Q03060	ENSP00000418336.1
Q03060	ENSP00000419810.1
Q03060	ENSP00000420681.1
Q03060	ENSP00000417562.1
Q03060	ENSP00000420511.1
Q03060	ENSP00000418798.2
Q03060	ENSP00000417807.1
Q03060	ENSP00000417460.1
Q03060	ENSP00000419075.1
Q03060	ENSP00000419924.1
Q03060	ENSP00000417327.1
Q03060	ENSP00000509489.1
Q03060	ENSP00000510546.1
Q04864	ENSP00000295025.7
Q04864	ENSP00000377989.4
P41225	ENSP00000359567.2
Q15306	ENSP00000370343.4
Q15306	ENSP00000512940.1
Q92908	ENSP00000269216.3
Q92908	ENSP00000462313.1
P24468	ENSP00000377721.3
P24468	ENSP00000377726.2
P24468	ENSP00000401674.2
P24468	ENSP00000389853.2
O75461	ENSP00000302159.4
O75461	ENSP00000370936.3
O75461	ENSP00000446315.1
O75461	ENSP00000438864.1
O15522	ENSP00000258829.4
Q12778	ENSP00000368880.4
Q02556	ENSP00000268638.4
Q02556	ENSP00000456992.2
Q02556	ENSP00000512953.1
P52738	ENSP00000347755.2
P52738	ENSP00000445411.1
P14921	ENSP00000324578.5
P14921	ENSP00000376436.3
P14921	ENSP00000433500.1
P14921	ENSP00000435666.1
P14921	ENSP00000441430.1
P11831	ENSP00000265354.4
P23511	ENSP00000345702.6
P23511	ENSP00000229418.6
Q15853	ENSP00000222305.2
Q15853	ENSP00000340633.4
Q15853	ENSP00000368429.3
Q15853	ENSP00000471099.1
Q12968	ENSP00000331324.4
Q12968	ENSP00000300659.5
Q12968	ENSP00000264008.6
Q14494	ENSP00000350072.5
Q14494	ENSP00000354855.3
Q14494	ENSP00000461960.1
P22736	ENSP00000243050.1
P22736	ENSP00000353427.3
P22736	ENSP00000378301.2
P22736	ENSP00000378302.1
P22736	ENSP00000449587.1
P22736	ENSP00000449539.1
Q9H3D4	ENSP00000264731.3
Q9H3D4	ENSP00000317510.5
Q9H3D4	ENSP00000346614.5
Q9H3D4	ENSP00000376253.3
Q9H3D4	ENSP00000376254.3
Q9H3D4	ENSP00000376256.2
Q9H3D4	ENSP00000407144.2
Q9H3D4	ENSP00000392488.1
Q9H3D4	ENSP00000394337.2
Q9H3D4	ENSP00000387839.1
Q9H3D4	ENSP00000389485.1
Q9Y2Q1	ENSP00000470209.1
Q13127	ENSP00000311816.7
Q13127	ENSP00000502313.1
P31269	ENSP00000343619.6
Q8TBZ5	ENSP00000296091.4
Q8TBZ5	ENSP00000406469.2
Q8TBZ5	ENSP00000397390.1
Q8TBZ5	ENSP00000487139.1
Q8TBZ5	ENSP00000485847.1
Q8TBZ5	ENSP00000486576.1
P04150	ENSP00000231509.3
P04150	ENSP00000343205.2
P04150	ENSP00000377977.2
P04150	ENSP00000377979.2
P04150	ENSP00000387672.2
P04150	ENSP00000405282.2
P04150	ENSP00000427672.1
P04150	ENSP00000422518.1
Q99626	ENSP00000370408.6
Q15744	ENSP00000206513.5
Q99684	ENSP00000294702.5
Q99684	ENSP00000359357.1
Q99684	ENSP00000399719.1
Q9NZC4	ENSP00000257831.3
Q9NZC4	ENSP00000399733.2
Q9NZC4	ENSP00000433508.1
Q9NZC4	ENSP00000435835.1
Q9NZC4	ENSP00000435837.1
Q05066	ENSP00000372547.1
P20226	ENSP00000230354.5
P20226	ENSP00000375942.2
P20226	ENSP00000442132.1
O43829	ENSP00000349503.4
O43829	ENSP00000383009.3
O43829	ENSP00000484129.1
O43829	ENSP00000478971.1
O43829	ENSP00000499212.1
O15516	ENSP00000308741.4
O15516	ENSP00000370723.1
O15516	ENSP00000426983.1
Q15784	ENSP00000306754.4
P28702	ENSP00000363812.3
P28702	ENSP00000363817.4
P28702	ENSP00000372703.4
P28702	ENSP00000372704.4
P28702	ENSP00000402506.2
P28702	ENSP00000410468.2
P28702	ENSP00000393286.2
P28702	ENSP00000411238.2
P28702	ENSP00000415199.2
P28702	ENSP00000402590.2
P28702	ENSP00000400104.2
P28702	ENSP00000393870.2
O60264	ENSP00000283131.3
P10275	ENSP00000363822.3
P10275	ENSP00000421155.1
P10275	ENSP00000484033.2
Q3ZCT1	ENSP00000429803.1
Q3ZCT1	ENSP00000467219.1
Q3ZCT1	ENSP00000464964.1
Q3ZCT1	ENSP00000465834.1
Q7RTS3	ENSP00000365687.3
Q9H6I2	ENSP00000297316.4
P05412	ENSP00000360266.2
P05412	ENSP00000503132.1
Q14765	ENSP00000351255.4
Q14765	ENSP00000376134.2
Q14765	ENSP00000414322.2
Q14765	ENSP00000412397.2
P15172	ENSP00000250003.3
Q13351	ENSP00000264834.3
Q9UBC0	ENSP00000302630.4
P55317	ENSP00000250448.3
Q16236	ENSP00000380252.3
Q16236	ENSP00000380253.4
Q16236	ENSP00000412191.2
Q16236	ENSP00000411575.2
Q16236	ENSP00000400073.2
Q16236	ENSP00000467401.1
Q16236	ENSP00000514303.1
Q16236	ENSP00000514304.1
Q16236	ENSP00000514318.1
Q16236	ENSP00000514325.1
Q16236	ENSP00000514369.1
Q16236	ENSP00000514370.1
Q16236	ENSP00000514386.1
P61371	ENSP00000230658.7
Q9UJU2	ENSP00000265165.1
Q9UJU2	ENSP00000369284.2
Q9UJU2	ENSP00000406176.2
Q9UJU2	ENSP00000422334.1
Q9UJU2	ENSP00000422840.1
Q13951	ENSP00000290858.6
Q13951	ENSP00000415151.2
P23409	ENSP00000228641.3
Q13886	ENSP00000366330.2
P31260	ENSP00000283921.4
P31260	ENSP00000379633.4
Q9H5H4	ENSP00000369777.5
Q8NEM1	ENSP00000309330.6
Q8NEM1	ENSP00000393506.2
Q15916	ENSP00000362763.3
Q8NI51	ENSP00000243914.3
Q8NI51	ENSP00000360239.2
Q8NI51	ENSP00000413713.2
Q8NI51	ENSP00000399061.2
Q8NI51	ENSP00000415579.2
Q8NI51	ENSP00000415329.2
Q8NI51	ENSP00000409344.2
Q8NI51	ENSP00000392034.3
Q8NI51	ENSP00000437999.1
Q8NI51	ENSP00000439998.1
Q8NI51	ENSP00000476783.1
Q8NI51	ENSP00000477488.1
Q8NI51	ENSP00000476718.1
Q8NI51	ENSP00000476398.1
Q15072	ENSP00000392095.1
Q15072	ENSP00000400391.1
Q14814	ENSP00000271555.5
Q14814	ENSP00000353803.3
Q14814	ENSP00000476788.1
Q14814	ENSP00000517291.1
Q14814	ENSP00000517292.1
Q14814	ENSP00000517293.1
P08651	ENSP00000342194.2
P08651	ENSP00000378543.2
P08651	ENSP00000396843.2
P08651	ENSP00000465177.1
P08651	ENSP00000465655.1
P08651	ENSP00000466647.1
O43918	ENSP00000291582.5
Q02575	ENSP00000302189.5
P35398	ENSP00000261523.5
P35398	ENSP00000335087.6
P18146	ENSP00000239938.4
Q9C009	ENSP00000296839.2
P13631	ENSP00000343698.5
P13631	ENSP00000377947.2
P13631	ENSP00000388510.2
P13631	ENSP00000444335.1
Q10586	ENSP00000222122.4
O00482	ENSP00000236914.3
O00482	ENSP00000356331.3
O00482	ENSP00000439116.1
P06401	ENSP00000263463.5
P06401	ENSP00000325120.5
P06401	ENSP00000436561.1
Q13952	ENSP00000312617.5
Q13952	ENSP00000361734.1
Q13952	ENSP00000361736.1
Q13952	ENSP00000361737.1
Q13952	ENSP00000361738.1
Q13952	ENSP00000396620.2
Q13952	ENSP00000408315.2
Q13952	ENSP00000414299.2
Q13952	ENSP00000404427.3
Q13952	ENSP00000408867.2
O43623	ENSP00000020945.1
Q9NQX6	ENSP00000253144.9
Q9NQX6	ENSP00000393817.1
Q9NQX6	ENSP00000425517.2
Q9NQX6	ENSP00000421014.1
Q9NQX6	ENSP00000427439.1
Q9NQX6	ENSP00000421728.1
Q9NQX6	ENSP00000423156.1
Q9NQX6	ENSP00000496977.1
Q9NQX6	ENSP00000497263.1
Q9NQX6	ENSP00000497726.1
Q9NQX6	ENSP00000497652.1
Q9NQX6	ENSP00000498006.1
Q9HBE1	ENSP00000215919.3
Q9HBE1	ENSP00000266269.5
Q9HBE1	ENSP00000337520.4
Q9HBE1	ENSP00000384173.3
Q9BYV9	ENSP00000257749.4
Q9BYV9	ENSP00000345642.3
Q9BYV9	ENSP00000384145.3
Q9BYV9	ENSP00000397668.2
Q9BYV9	ENSP00000512284.1
Q99801	ENSP00000370253.4
Q99801	ENSP00000429729.1
O15178	ENSP00000296946.2
O15178	ENSP00000355836.3
Q13950	ENSP00000352514.5
Q13950	ENSP00000360486.4
Q13950	ENSP00000360491.6
Q13950	ENSP00000360493.1
Q13950	ENSP00000495497.1
P43268	ENSP00000321835.4
P43268	ENSP00000377273.1
P43268	ENSP00000443846.1
P43268	ENSP00000440023.1
P43268	ENSP00000468636.1
P43268	ENSP00000465718.1
Q9NR55	ENSP00000243440.1
P05549	ENSP00000316516.4
P05549	ENSP00000368928.3
P41182	ENSP00000232014.4
P41182	ENSP00000384371.2
P41182	ENSP00000413122.2
P41182	ENSP00000479784.1
Q13485	ENSP00000341551.3
Q13485	ENSP00000381452.1
Q13485	ENSP00000465878.2
Q13485	ENSP00000466934.2
Q13485	ENSP00000465874.2
Q13485	ENSP00000464772.2
O14770	ENSP00000326296.8
O14770	ENSP00000341400.4
O14770	ENSP00000339549.5
O14770	ENSP00000404185.2
O14770	ENSP00000452693.2
O14770	ENSP00000453390.1
O14770	ENSP00000453497.1
O14770	ENSP00000453793.1
O14770	ENSP00000514679.1
Q9UH73	ENSP00000322898.6
Q9UH73	ENSP00000370029.4
Q03923	ENSP00000300540.2
Q03923	ENSP00000329793.7
Q03923	ENSP00000342340.5
Q03923	ENSP00000479316.2
Q03923	ENSP00000483118.1
Q03923	ENSP00000479120.1
P17483	ENSP00000328928.5
P57682	ENSP00000261438.5
P57682	ENSP00000421252.1
Q06330	ENSP00000345206.1
Q06330	ENSP00000340124.4
Q06330	ENSP00000305815.6
Q06330	ENSP00000339699.5
Q06330	ENSP00000347659.4
Q06330	ENSP00000354528.6
Q06330	ENSP00000421804.2
Q06330	ENSP00000426872.2
Q06330	ENSP00000423907.1
Q06330	ENSP00000423644.2
Q06330	ENSP00000505493.1
Q06330	ENSP00000504964.1
Q06330	ENSP00000505255.1
Q06330	ENSP00000505636.1
O75030	ENSP00000324246.6
O75030	ENSP00000324443.5
O75030	ENSP00000295600.8
O75030	ENSP00000377880.3
O75030	ENSP00000391803.3
O75030	ENSP00000418845.1
O75030	ENSP00000435909.1
O75030	ENSP00000494105.1
Q9Y261	ENSP00000366319.4
Q9Y261	ENSP00000400341.3
P28069	ENSP00000342931.3
P28069	ENSP00000263781.2
Q9UBB5	ENSP00000256429.3
Q9UBB5	ENSP00000464554.1
Q16520	ENSP00000286639.6
P49716	ENSP00000386165.3
Q96NG8	ENSP00000301310.3
Q96NG8	ENSP00000465619.1
P52945	ENSP00000370421.4
P36508	ENSP00000344097.5
P36508	ENSP00000363064.3
Q99081	ENSP00000267811.5
Q99081	ENSP00000331057.6
Q99081	ENSP00000342459.3
Q99081	ENSP00000388940.2
Q99081	ENSP00000444696.1
Q99081	ENSP00000453737.1
P58317	ENSP00000326967.5
P58317	ENSP00000468643.1
P31274	ENSP00000302836.4
P31274	ENSP00000423861.1
O00470	ENSP00000272369.8
O00470	ENSP00000381518.2
